year,trades,pts,trend_pts,orb_pts,win,pf,sharpe,maxdd,rs_65
2015,183.0,745.8,230.96999999999997,514.83,0.47540983606557374,1.2942220749402322,1.305688006591907,229.14505502987777,48477.0
2016,193.0,977.34,645.3600000000002,331.97999999999996,0.47150259067357514,1.4170090754323308,1.8630278808226879,263.0911243010505,63527.1
2017,175.0,74.44,103.91,-29.470000000000024,0.4114285714285714,1.0389263359357432,0.17028453319600695,411.049892147872,4838.599999999999
2018,201.0,1665.06,859.5799999999998,805.48,0.5373134328358209,1.6258753481658563,2.371252279815915,256.53277056853767,108228.9
2019,208.0,1370.18,910.4100000000001,459.77000000000004,0.4855769230769231,1.4206696672540942,1.9307882091566557,556.2856909108777,89061.7
2020,185.0,3257.76,1304.0900000000001,1953.6699999999998,0.5675675675675675,1.9475135389823803,3.063858159064538,352.0620174410815,211754.40000000002
2021,199.0,1475.2400000000002,611.1600000000002,864.08,0.48743718592964824,1.3031256934798514,1.425779441646547,517.7229856799368,95890.60000000002
2022,208.0,1075.34,877.6399999999999,197.6999999999998,0.5144230769230769,1.1932524984589619,0.9417489736329993,863.3766354192248,69897.09999999999
2023,195.0,2605.29,909.03,1696.26,0.5435897435897435,1.7676254287027542,2.8507574979449557,278.876521043112,169343.85
2024,195.0,5542.030000000001,3748.8799999999997,1793.1499999999999,0.49230769230769234,2.1516983406240593,3.246409637807323,668.859657753037,360231.95000000007
2025,120.0,632.5700000000002,367.6499999999999,264.9200000000001,0.4583333333333333,1.1544888389586285,0.6719897070225845,647.1248535941486,41117.05000000001
