idx,label,date,type,price,roi,points
8,Entry short,25/02/2009 15:15,Sell,2764.15,-0.71,-19.625465
9,Entry long,26/02/2009 15:15,Buy,2783.8,-1.61,-44.81918
11,Entry long,27/02/2009 15:15,Buy,2766.45,-2.57,-71.097765
20,Entry short,17/04/2009 15:15,Sell,3386.3,-1.26,-42.66738
53,Entry long,29/07/2009 15:15,Buy,4514.35,-0.63,-28.440405
62,Entry short,20/08/2009 15:15,Sell,4455.05,-0.23,-10.246615
76,Entry short,08/10/2009 15:15,Sell,5000.45,-0.3,-15.00135
79,Entry long,05/11/2009 15:15,Buy,4770.1,5.23,249.47623
94,Entry short,08/01/2010 15:15,Sell,5244.05,-0.68,-35.65954
99,Entry long,14/01/2010 09:15,Buy,5264.0,-0.32,-16.8448
110,Entry short,10/02/2010 09:41,Sell,4772.7,-0.71,-33.88617
120,Entry short,22/02/2010 15:15,Sell,4861.95,-0.16,-7.77912
122,Entry short,23/02/2010 15:15,Sell,4868.5,-0.15,-7.30275
123,Entry long,24/02/2010 09:41,Buy,4875.95,-0.27,-13.165065
130,Entry short,22/03/2010 15:15,Sell,5210.6,-0.52,-27.09512
136,Entry short,30/03/2010 15:15,Sell,5264.15,-0.08,-4.21132
150,Entry short,23/04/2010 09:15,Sell,5292.7,-0.22,-11.64394
161,Entry long,26/05/2010 15:15,Buy,4917.65,1.59,78.190635
163,Entry long,02/06/2010 15:15,Buy,5020.05,-0.09,-4.518045
179,Entry long,30/06/2010 15:15,Buy,5313.05,-1.12,-59.50616
190,Entry short,19/07/2010 15:15,Sell,5382.5,-0.47,-25.29775
191,Entry long,20/07/2010 09:21,Buy,5407.65,-0.4,-21.6306
205,Entry long,11/08/2010 09:19,Buy,5472.9,-0.33,-18.06057
221,Entry long,30/09/2010 15:15,Buy,6039.8,1.51,91.20098
225,Entry long,11/10/2010 15:15,Buy,6134.1,-0.66,-40.48506
236,Entry short,26/10/2010 15:15,Sell,6080.15,-0.19,-11.552285
239,Entry long,22/11/2010 15:15,Buy,6016.9,-1.13,-67.99097
240,Entry short,23/11/2010 09:34,Sell,5949.15,1.41,83.883015
265,Entry long,11/02/2011 15:15,Buy,5304.9,2.93,155.43357
266,Entry short,18/02/2011 15:15,Sell,5460.1,-0.21,-11.46621
283,Entry long,10/03/2011 15:15,Buy,5489.3,-0.34,-18.66362
284,Entry short,11/03/2011 09:21,Sell,5470.5,-0.29,-15.86445
312,Entry short,13/05/2011 15:15,Sell,5534.65,1.01,55.899965
319,Entry long,26/05/2011 15:15,Buy,5416.25,2.15,116.449375
329,Entry long,24/06/2011 09:15,Buy,5350.75,5.58,298.57185
330,Entry short,11/07/2011 09:15,Sell,5649.25,0.41,23.161925
332,Entry short,14/07/2011 15:27,Sell,5590.05,-0.36,-20.12418
367,Entry long,20/10/2011 15:15,Buy,5094.35,-0.66,-33.62271
374,Entry short,03/11/2011 09:15,Sell,5240.1,-0.41,-21.48441
385,Entry long,30/11/2011 15:15,Buy,4836.35,3.14,151.86139
391,Entry long,21/12/2011 15:15,Buy,4689.0,-0.92,-43.1388
396,Entry short,29/12/2011 09:20,Sell,4683.35,-0.41,-19.201735
405,Entry long,10/02/2012 15:19,Buy,5381.05,2.55,137.216775
422,Entry short,26/03/2012 09:29,Sell,5242.65,0.04,2.09706
432,Entry short,03/05/2012 09:15,Sell,5214.8,6.11,318.62428
433,Entry long,21/05/2012 09:15,Buy,4896.25,1.2,58.755
434,Entry short,22/05/2012 09:15,Sell,4954.8,0.35,17.3418
438,Entry short,31/05/2012 09:15,Sell,4898.65,-0.43,-21.064195
439,Entry long,01/06/2012 09:15,Buy,4919.9,-0.35,-17.21965
454,Entry short,25/06/2012 15:15,Sell,5114.3,-0.83,-42.44869
455,Entry long,27/06/2012 09:18,Buy,5156.9,-0.45,-23.20605
457,Entry long,28/06/2012 15:18,Buy,5146.75,0.82,42.20335
458,Entry short,29/06/2012 09:15,Sell,5189.0,-0.77,-39.9553
473,Entry long,21/08/2012 09:29,Buy,5392.1,-0.29,-15.63709
475,Entry long,31/08/2012 09:15,Buy,5300.5,-0.4,-21.202
478,Entry short,21/09/2012 09:15,Sell,5577.05,-0.97,-54.097385
480,Entry short,27/09/2012 15:15,Sell,5646.7,-1.12,-63.24304
507,Entry long,23/11/2012 15:15,Buy,5626.6,3.88,218.31208
519,Entry long,17/12/2012 09:15,Buy,5862.6,0.1,5.8626
528,Entry short,27/12/2012 15:15,Sell,5869.2,-0.47,-27.58524
531,Entry long,28/12/2012 15:18,Buy,5912.6,1.24,73.31624
532,Entry short,08/01/2013 09:15,Sell,5985.9,-0.09,-5.38731
538,Entry short,16/01/2013 15:15,Sell,5999.5,-0.35,-20.99825
541,Entry long,24/01/2013 09:15,Buy,6046.45,-0.19,-11.488255
546,Entry short,31/01/2013 09:24,Sell,6052.25,1.64,99.2569
559,Entry long,28/03/2013 15:15,Buy,5689.75,-0.27,-15.362325
560,Entry short,03/04/2013 15:15,Sell,5674.4,1.4,79.4416
580,Entry short,19/06/2013 09:15,Sell,5808.4,-0.18,-10.45512
595,Entry long,18/07/2013 09:17,Buy,5992.75,0.81,48.541275
598,Entry short,13/08/2013 09:15,Sell,5591.45,-0.81,-45.290745
618,Entry short,26/09/2013 15:24,Sell,5873.8,0.88,51.68944
628,Entry short,28/10/2013 09:15,Sell,6160.5,0.02,1.2321
632,Entry short,06/11/2013 09:15,Sell,6262.05,-0.08,-5.00964
638,Entry short,20/11/2013 15:15,Sell,6118.3,0.48,29.36784
649,Entry long,11/12/2013 15:15,Buy,6306.8,-0.66,-41.62488
655,Entry long,31/12/2013 09:29,Buy,6305.75,-0.84,-52.9683
669,Entry long,14/02/2014 15:15,Buy,6050.15,0.72,43.56108
670,Entry short,20/02/2014 15:15,Sell,6093.7,-0.78,-47.53086
672,Entry short,14/03/2014 09:15,Sell,6448.15,-0.89,-57.388535
673,Entry long,14/03/2014 15:15,Buy,6505.65,0.03,1.951695
683,Entry long,07/04/2014 15:15,Buy,6697.3,0.42,28.12866
706,Entry short,18/06/2014 15:16,Sell,7547.1,-0.45,-33.96195
714,Entry short,10/07/2014 15:20,Sell,7559.7,0.03,2.26791
724,Entry short,07/08/2014 15:18,Sell,7649.8,-0.22,-16.82956
727,Entry long,26/08/2014 15:15,Buy,7903.7,2.65,209.44805
748,Entry short,16/10/2014 09:21,Sell,7852.5,-0.47,-36.90675
755,Entry long,20/11/2014 15:15,Buy,8404.2,0.47,39.49974
762,Entry short,03/12/2014 09:23,Sell,8518.0,-0.26,-22.1468
765,Entry long,03/12/2014 15:15,Buy,8541.3,-0.13,-11.10369
768,Entry short,05/12/2014 15:15,Sell,8541.05,4.47,381.784935
773,Entry long,30/12/2014 15:19,Buy,8250.5,-0.14,-11.5507
779,Entry long,15/01/2015 09:15,Buy,8427.4,4.79,403.67246
784,Entry short,05/02/2015 15:15,Sell,8708.25,0.76,66.1827
794,Entry short,04/03/2015 15:15,Sell,8922.85,-0.3,-26.76855
795,Entry long,05/03/2015 15:15,Buy,8950.0,-1.49,-133.355
801,Entry long,17/03/2015 15:15,Buy,8731.1,-0.4,-34.9244
808,Entry short,15/04/2015 15:15,Sell,8734.55,5.13,448.082415
826,Entry short,15/06/2015 15:21,Sell,8010.65,-0.5,-40.05325
827,Entry long,16/06/2015 15:15,Buy,8050.45,2.18,175.49981
838,Entry short,21/07/2015 15:15,Sell,8526.15,-0.6,-51.1569
846,Entry short,10/08/2015 15:15,Sell,8506.65,0.52,44.23458
852,Entry short,19/08/2015 09:18,Sell,8427.15,-0.6,-50.5629
868,Entry short,12/10/2015 15:15,Sell,8141.2,-0.14,-11.39768
872,Entry short,26/10/2015 15:15,Sell,8259.85,2.02,166.84897
888,Entry short,23/12/2015 09:15,Sell,7831.85,-0.2,-15.6637
890,Entry short,31/12/2015 09:15,Sell,7897.1,-0.23,-18.16333
896,Entry short,29/01/2016 09:15,Sell,7415.85,-0.47,-34.854495
898,Entry short,02/02/2016 15:15,Sell,7454.3,-0.22,-16.39946
903,Entry long,17/02/2016 15:15,Buy,7110.55,0.9,63.99495
910,Entry short,18/03/2016 09:15,Sell,7536.75,-0.34,-25.62495
914,Entry short,29/03/2016 15:20,Sell,7593.1,-0.71,-53.91101
937,Entry long,16/06/2016 15:15,Buy,8140.2,0.01,0.81402
941,Entry long,23/06/2016 09:21,Buy,8208.4,-2.34,-192.07656
946,Entry short,18/07/2016 15:15,Sell,8514.65,-0.24,-20.43516
947,Entry long,19/07/2016 15:15,Buy,8535.4,-0.05,-4.2677
953,Entry long,02/08/2016 09:23,Buy,8671.95,-0.69,-59.836455
965,Entry long,24/08/2016 09:15,Buy,8652.3,-0.31,-26.82213
969,Entry long,29/08/2016 15:15,Buy,8605.1,3.23,277.94473
972,Entry short,09/09/2016 15:15,Sell,8859.15,0.32,28.34928
980,Entry short,26/09/2016 09:15,Sell,8809.15,0.23,20.261045
999,Entry long,08/11/2016 15:15,Buy,8552.1,-2.86,-244.59006
1001,Entry long,10/11/2016 09:15,Buy,8559.0,-1.85,-158.3415
1005,Entry long,06/12/2016 09:15,Buy,8150.65,0.25,20.376625
1006,Entry short,07/12/2016 09:15,Sell,8170.7,0.08,6.53656
1016,Entry short,14/12/2016 15:15,Sell,8180.25,-0.37,-30.266925
1023,Entry long,24/01/2017 09:15,Buy,8409.2,1.81,152.20652
1026,Entry short,01/02/2017 09:15,Sell,8571.45,-0.56,-48.00012
1029,Entry long,08/02/2017 15:26,Buy,8777.35,-0.46,-40.37581
1036,Entry short,27/02/2017 15:15,Sell,8899.5,-0.44,-39.1578
1038,Entry short,02/03/2017 15:15,Sell,8889.55,-0.64,-56.89312
1041,Entry long,09/03/2017 09:15,Buy,8914.75,0.0,0.0
1045,Entry long,14/03/2017 09:16,Buy,9102.65,0.03,2.730795
1049,Entry long,23/03/2017 15:15,Buy,9088.95,-0.1,-9.08895
1052,Entry short,07/04/2017 15:15,Sell,9193.5,-0.22,-20.2257
1070,Entry short,09/05/2017 09:15,Sell,9338.95,0.26,24.28127
1072,Entry short,09/05/2017 15:15,Sell,9318.2,-0.37,-34.47734
1073,Entry long,10/05/2017 09:23,Buy,9352.45,1.12,104.74744
1080,Entry short,06/06/2017 15:15,Sell,9634.75,-0.29,-27.940775
1083,Entry long,07/06/2017 15:15,Buy,9665.05,-0.2,-19.3301
1084,Entry short,08/06/2017 15:15,Sell,9646.2,-0.05,-4.8231
1092,Entry short,22/06/2017 15:15,Sell,9635.3,0.87,83.82711
1103,Entry long,28/07/2017 15:15,Buy,10014.8,0.18,18.02664
1106,Entry short,08/08/2017 09:15,Sell,10068.8,2.19,220.50672
1118,Entry short,07/09/2017 09:15,Sell,9949.35,0.05,4.974675
1122,Entry short,11/09/2017 09:15,Sell,9978.55,-0.03,-2.993565
1137,Entry long,17/11/2017 09:15,Buy,10327.6,-0.17,-17.55692
1139,Entry long,23/11/2017 15:16,Buy,10349.0,-0.02,-2.0698
1149,Entry long,14/12/2017 15:15,Buy,10253.3,0.53,54.34249
1152,Entry short,28/12/2017 15:18,Sell,10469.3,-0.36,-37.68948
1154,Entry short,01/01/2018 15:15,Sell,10443.25,-0.5,-52.21625
1171,Entry long,16/02/2018 09:31,Buy,10601.4,-0.54,-57.24756
1190,Entry short,28/03/2018 15:15,Sell,10103.05,-0.46,-46.47403
1199,Entry long,26/04/2018 15:15,Buy,10622.95,0.56,59.48852
1202,Entry short,04/05/2018 09:16,Sell,10663.6,-0.07,-7.46452
1204,Entry short,11/05/2018 09:15,Sell,10743.05,0.07,7.520135
1219,Entry long,15/06/2018 15:15,Buy,10825.0,-0.18,-19.485
1222,Entry short,18/06/2018 15:16,Sell,10797.25,0.21,22.674225
1223,Entry long,20/06/2018 15:15,Buy,10774.7,-0.07,-7.54229
1232,Entry short,26/06/2018 15:15,Sell,10768.45,0.63,67.841235
1255,Entry long,30/08/2018 15:19,Buy,11679.4,-0.24,-28.03056
1263,Entry long,01/10/2018 15:15,Buy,11006.9,-0.82,-90.25658
1282,Entry short,07/01/2019 15:15,Sell,10774.6,-0.13,-14.00698
1287,Entry long,09/01/2019 15:18,Buy,10857.2,-0.48,-52.11456
1289,Entry long,11/01/2019 15:15,Buy,10805.55,-0.63,-68.074965
1290,Entry short,14/01/2019 09:29,Sell,10737.75,-0.78,-83.75445
1300,Entry short,08/02/2019 15:15,Sell,10936.35,1.83,200.135205
1301,Entry long,20/02/2019 15:15,Buy,10736.7,0.41,44.02047
1308,Entry short,28/02/2019 15:15,Sell,10789.5,-0.63,-67.97385
1314,Entry short,03/04/2019 15:15,Sell,11640.85,-0.05,-5.820425
1328,Entry short,25/04/2019 15:15,Sell,11634.3,-0.47,-54.68121
1332,Entry short,03/05/2019 15:15,Sell,11706.4,3.73,436.64872
1333,Entry long,17/05/2019 09:15,Buy,11269.95,3.27,368.527365
1334,Entry short,23/05/2019 15:15,Sell,11638.1,-0.86,-100.08766
1337,Entry long,03/06/2019 09:24,Buy,11956.45,0.08,9.56516
1341,Entry long,11/06/2019 09:15,Buy,11959.95,-0.31,-37.075845
1360,Entry short,07/08/2019 09:26,Sell,10922.0,-0.59,-64.4398
1364,Entry short,16/08/2019 09:15,Sell,11043.95,0.28,30.92306
1368,Entry short,20/08/2019 15:17,Sell,11015.55,1.39,153.116145
1374,Entry short,29/08/2019 15:16,Sell,10943.3,-0.69,-75.50877
1382,Entry short,12/09/2019 15:15,Sell,10976.05,-0.29,-31.830545
1399,Entry long,24/10/2019 15:28,Buy,11582.7,-0.09,-10.42443
1404,Entry short,08/11/2019 15:15,Sell,11909.4,-0.16,-19.05504
1408,Entry short,15/11/2019 15:15,Sell,11890.3,-0.07,-8.32321
1415,Entry long,04/12/2019 15:15,Buy,12044.15,-0.13,-15.657395
1420,Entry short,24/12/2019 15:15,Sell,12211.25,-0.02,-2.44225
1437,Entry long,11/02/2020 09:15,Buy,12109.2,0.11,13.32012
1440,Entry short,20/02/2020 15:15,Sell,12084.35,6.1,737.14535
1454,Entry short,24/04/2020 15:15,Sell,9145.0,-2.06,-188.387
1465,Entry long,26/05/2020 09:15,Buy,9106.25,-0.64,-58.28
1473,Entry long,10/06/2020 15:24,Buy,10139.55,-0.5,-50.69775
1475,Entry long,12/06/2020 15:15,Buy,9974.7,-1.42,-141.64074
1482,Entry short,17/06/2020 15:15,Sell,9881.1,-0.42,-41.50062
1489,Entry long,29/06/2020 15:15,Buy,10326.05,-0.26,-26.84773
1495,Entry long,16/07/2020 15:15,Buy,10746.05,4.08,438.43884
1499,Entry long,18/08/2020 09:15,Buy,11256.7,0.71,79.92257
1527,Entry long,23/10/2020 09:15,Buy,11960.85,-0.48,-57.41208
1532,Entry short,19/11/2020 15:15,Sell,12771.3,-0.33,-42.14529
1541,Entry long,07/01/2021 09:24,Buy,14223.6,1.29,183.48444
1549,Entry long,24/02/2021 16:45,Buy,14998.25,-0.83,-124.485475
1558,Entry short,08/03/2021 15:15,Sell,14963.65,-0.73,-109.234645
1565,Entry long,23/03/2021 09:15,Buy,14772.45,-0.22,-32.49939
1573,Entry long,07/04/2021 09:16,Buy,14701.15,0.83,122.019545
1575,Entry long,15/04/2021 15:15,Buy,14587.7,-2.63,-383.65651
1579,Entry long,22/04/2021 15:15,Buy,14406.3,-0.45,-64.82835
1587,Entry long,06/05/2021 09:15,Buy,14668.6,1.06,155.48716
1600,Entry short,16/06/2021 15:17,Sell,15774.65,1.53,241.352145
1601,Entry long,21/06/2021 09:15,Buy,15533.1,0.32,49.70592
1620,Entry short,30/07/2021 15:15,Sell,15749.05,-0.66,-103.94373
1628,Entry short,24/08/2021 09:15,Sell,16566.4,0.2,33.1328
1639,Entry long,28/09/2021 15:17,Buy,17746.3,-0.76,-134.87188
1640,Entry short,29/09/2021 09:34,Sell,17611.95,-0.9,-158.50755
1642,Entry short,30/09/2021 09:36,Sell,17684.35,-0.26,-45.97931
1654,Entry short,27/10/2021 15:15,Sell,18227.2,1.5,273.408
1659,Entry long,04/11/2021 19:00,Buy,17924.05,-0.44,-78.86582
1670,Entry short,07/12/2021 15:28,Sell,17174.7,-1.33,-228.42351
1675,Entry long,22/12/2021 15:15,Buy,16947.65,-0.02,-3.38953
1680,Entry short,18/01/2022 15:15,Sell,18096.55,4.19,758.245445
1686,Entry short,04/02/2022 09:15,Sell,17593.9,0.28,49.26292
1694,Entry short,18/02/2022 09:15,Sell,17241.8,-0.48,-82.76064
1701,Entry long,28/02/2022 15:15,Buy,16798.25,-1.08,-181.4211
1707,Entry long,16/03/2022 09:26,Buy,16915.25,1.25,211.440625
1709,Entry long,28/03/2022 09:15,Buy,17196.6,-0.75,-128.9745
1725,Entry long,26/04/2022 15:15,Buy,17211.95,-0.83,-142.859185
1728,Entry short,29/04/2022 15:15,Sell,17072.05,5.86,1000.42213
1742,Entry short,07/06/2022 09:18,Sell,16412.5,-0.4,-65.65
1743,Entry long,09/06/2022 15:15,Buy,16477.65,-1.18,-194.43627
1752,Entry short,01/07/2022 09:15,Sell,15708.3,-0.24,-37.69992
1753,Entry long,01/07/2022 15:15,Buy,15746.7,-0.34,-53.53878
1756,Entry short,06/07/2022 09:15,Sell,15830.05,-0.47,-74.401235
1760,Entry short,12/07/2022 15:15,Sell,16055.75,-0.45,-72.250875
1776,Entry short,02/09/2022 15:15,Sell,17551.5,-0.5,-87.7575
1784,Entry short,15/09/2022 15:15,Sell,17876.9,0.31,55.41839
1786,Entry short,21/09/2022 09:15,Sell,17769.45,-0.09,-15.992505
1795,Entry long,10/10/2022 15:15,Buy,17253.45,-0.38,-65.56311
1804,Entry short,18/11/2022 09:15,Sell,18385.05,0.33,60.670665
1805,Entry long,18/11/2022 15:15,Buy,18323.75,-0.83,-152.087125
1806,Entry short,21/11/2022 09:32,Sell,18171.0,-0.85,-154.4535
1807,Entry long,23/11/2022 09:15,Buy,18325.4,0.01,1.83254
1808,Entry short,24/11/2022 09:15,Sell,18327.0,-0.09,-16.4943
1819,Entry long,09/12/2022 09:15,Buy,18664.65,-0.51,-95.189715
1823,Entry long,21/12/2022 09:15,Buy,18445.7,-0.48,-88.53936
1828,Entry short,30/12/2022 15:15,Sell,18097.95,-0.49,-88.679955
1833,Entry long,09/01/2023 15:15,Buy,18106.4,-0.48,-86.91072
1851,Entry long,20/02/2023 09:20,Buy,17957.95,-0.08,-14.36636
1860,Entry short,27/03/2023 15:18,Sell,16968.05,-0.37,-62.781785
1874,Entry short,05/05/2023 15:15,Sell,18071.0,-0.67,-121.0757
1878,Entry short,16/05/2023 15:15,Sell,18283.25,0.12,21.9399
1883,Entry long,25/05/2023 15:15,Buy,18328.2,0.93,170.45226
1904,Entry short,10/07/2023 09:15,Sell,19405.35,-0.01,-1.940535
1906,Entry short,10/07/2023 15:15,Sell,19356.35,-0.5,-96.78175
1907,Entry long,11/07/2023 09:23,Buy,19453.6,-0.42,-81.70512
1908,Entry short,12/07/2023 15:15,Sell,19371.45,-0.78,-151.09731
1928,Entry short,08/08/2023 15:16,Sell,19568.1,-0.03,-5.87043
1933,Entry long,16/08/2023 15:15,Buy,19462.55,-0.29,-56.441395
1943,Entry long,30/08/2023 09:17,Buy,19425.2,-0.41,-79.64332
1944,Entry short,30/08/2023 15:15,Sell,19345.65,-0.11,-21.280215
1948,Entry short,29/09/2023 15:19,Sell,19629.85,0.44,86.37134
1956,Entry short,17/10/2023 09:15,Sell,19849.75,0.11,21.834725
1979,Entry long,10/01/2024 15:15,Buy,21608.0,-0.01,-2.1608
1981,Entry long,12/01/2024 09:19,Buy,21742.55,0.32,69.57616
1988,Entry short,30/01/2024 15:15,Sell,21527.55,-0.5,-107.63775
1990,Entry short,05/02/2024 15:15,Sell,21771.85,-0.39,-84.910215
1996,Entry short,14/02/2024 09:21,Sell,21584.0,-1.07,-230.9488
2002,Entry short,27/02/2024 09:15,Sell,22099.8,-0.24,-53.03952
2021,Entry long,27/03/2024 09:32,Buy,22104.05,1.43,316.087915
2026,Entry short,26/04/2024 15:15,Sell,22408.7,-0.51,-114.28437
2027,Entry long,29/04/2024 09:36,Buy,22521.95,-0.06,-13.51317
2055,Entry long,04/09/2024 15:15,Buy,25209.6,-0.12,-30.25152
2063,Entry long,19/09/2024 09:21,Buy,25577.75,1.59,406.686225
2073,Entry long,01/11/2024 18:30,Buy,24326.45,-1.04,-252.99508
2074,Entry short,04/11/2024 09:30,Sell,24073.6,-0.38,-91.47968
2085,Entry long,10/12/2024 15:17,Buy,24609.45,-0.19,-46.757955
2097,Entry long,17/01/2025 09:15,Buy,23282.3,-0.38,-88.47274
2108,Entry short,28/01/2025 15:15,Sell,22968.35,-0.43,-98.763905
2126,Entry short,01/04/2025 09:16,Sell,23415.75,2.42,566.66115
2130,Entry short,02/05/2025 09:15,Sell,24321.4,-0.86,-209.16404
2134,Entry short,07/05/2025 09:15,Sell,24234.0,-0.72,-174.4848
2151,Entry long,29/05/2025 15:15,Buy,24850.45,-0.5,-124.25225
2165,Entry long,04/07/2025 15:15,Buy,25462.5,-0.13,-33.10125
2169,Entry long,07/07/2025 15:16,Buy,25460.05,-0.05,-12.730025
2172,Entry short,09/07/2025 15:15,Sell,25478.4,1.03,262.42752
2174,Entry short,17/07/2025 09:38,Sell,25188.95,0.03,7.556685
2175,Entry long,22/07/2025 09:15,Buy,25181.8,-0.5,-125.909
2182,Entry short,30/07/2025 15:27,Sell,24846.7,-0.04,-9.93868
2184,Entry short,31/07/2025 15:15,Sell,24762.3,0.81,200.57463
2185,Entry long,08/08/2025 09:15,Buy,24561.65,-0.33,-81.053445
2205,Entry long,27/10/2025 09:19,Buy,25856.1,-0.12,-31.02732
2207,Entry long,28/10/2025 15:20,Buy,25959.65,-0.18,-46.72737
2237,Entry long,28/01/2026 15:15,Buy,25329.75,-0.38,-96.25305
2249,Entry long,16/02/2026 15:15,Buy,25687.05,-0.09,-23.118345
2265,Entry long,02/04/2026 15:15,Buy,22762.6,-0.82,-186.65332
2282,Entry short,11/05/2026 09:16,Sell,23943.6,0.95,227.4642
2304,Entry short,02/07/2026 09:15,Sell,24075.75,-0.3,-72.22725
2319,Entry long,22/07/2026 09:15,Buy,24145.8,-0.49,-118.31442
2324,Entry short,21/08/2026 09:26,Sell,24219.5,-0.11,-26.64145
2329,Entry long,26/08/2026 09:15,Buy,24345.0,-0.54,-131.463
