#,Variation,Strategy,IS trades,IS ROI/yr %,IS PF,OOS trades,OOS ROI/yr %,OOS avg/trade %,OOS win %,OOS PF,OOS max DD %,WFE %,OOS same-minute match %
1,A fwd: IS 2009-2010 / OOS 2011-2026,Original,248,44.5616,1.8816,2082,22.6656,0.1712,32.2767,1.6183,12.46,50.8635,
1,A fwd: IS 2009-2010 / OOS 2011-2026,Replica,248,43.7499,1.8548,2076,22.5638,0.1709,32.1291,1.6153,12.78,51.5746,89.2411
2,A fwd: IS 2009-2011 / OOS 2012-2026,Original,391,41.7165,1.8199,1939,21.7346,0.1651,32.5941,1.6097,12.46,52.1007,
2,A fwd: IS 2009-2011 / OOS 2012-2026,Replica,391,41.0549,1.7984,1933,21.6517,0.1649,32.4366,1.6076,12.78,52.7384,89.2728
3,A fwd: IS 2009-2012 / OOS 2013-2026,Original,526,35.5002,1.7331,1804,22.0304,0.1676,32.6497,1.6254,12.46,62.0569,
3,A fwd: IS 2009-2012 / OOS 2013-2026,Replica,524,34.7517,1.7092,1800,22.0143,0.1678,32.4444,1.626,12.78,63.3475,89.4678
4,A fwd: IS 2009-2013 / OOS 2014-2026,Original,650,34.3335,1.7435,1680,21.4193,0.1622,32.4405,1.611,12.46,62.3861,
4,A fwd: IS 2009-2013 / OOS 2014-2026,Replica,648,33.5989,1.7195,1676,21.4555,0.1629,32.2792,1.6137,12.78,63.8577,89.2262
5,A fwd: IS 2009-2014 / OOS 2015-2026,Original,768,32.5915,1.7491,1562,21.1912,0.1591,32.5224,1.5979,12.46,65.0205,
5,A fwd: IS 2009-2014 / OOS 2015-2026,Replica,766,31.9939,1.7282,1558,21.2244,0.1597,32.3492,1.6005,12.78,66.3391,89.0525
6,A fwd: IS 2009-2015 / OOS 2016-2026,Original,886,31.3533,1.7402,1444,20.9224,0.1554,32.2715,1.5906,12.46,66.731,
6,A fwd: IS 2009-2015 / OOS 2016-2026,Replica,882,30.8731,1.723,1442,20.9391,0.1557,32.1082,1.5925,12.78,67.8233,89.1274
7,A fwd: IS 2009-2016 / OOS 2017-2026,Original,1014,29.9782,1.7142,1316,20.961,0.1549,31.6109,1.5985,10.63,69.9207,
7,A fwd: IS 2009-2016 / OOS 2017-2026,Replica,1010,29.267,1.6906,1314,21.216,0.157,31.583,1.6089,10.95,72.4912,88.7538
8,A fwd: IS 2009-2017 / OOS 2018-2026,Original,1148,27.4495,1.6811,1182,22.4999,0.1661,31.4721,1.6262,10.63,81.9683,
8,A fwd: IS 2009-2017 / OOS 2018-2026,Replica,1144,26.8241,1.66,1180,22.7784,0.1684,31.4407,1.6373,10.95,84.9179,88.9171
9,A fwd: IS 2009-2018 / OOS 2019-2026,Original,1272,28.1362,1.7311,1058,20.9821,0.1532,30.9074,1.5567,10.63,74.5733,
9,A fwd: IS 2009-2018 / OOS 2019-2026,Replica,1266,27.6449,1.7132,1058,21.206,0.1548,31.0019,1.5652,10.95,76.7085,89.0359
10,A fwd: IS 2009-2019 / OOS 2020-2026,Original,1421,26.2767,1.6797,909,22.925,0.1696,31.5732,1.6149,10.63,87.2447,
10,A fwd: IS 2009-2019 / OOS 2020-2026,Replica,1417,25.8811,1.6655,907,23.1004,0.1713,31.6428,1.6223,10.95,89.2558,89.1089
11,A fwd: IS 2009-2020 / OOS 2021-2026,Original,1534,29.9291,1.7694,796,14.7612,0.1061,30.7789,1.4039,10.63,49.3205,
11,A fwd: IS 2009-2020 / OOS 2021-2026,Replica,1530,29.6605,1.7598,794,14.7734,0.1065,30.8564,1.4047,10.95,49.8085,88.8191
12,A fwd: IS 2009-2021 / OOS 2022-2026,Original,1674,29.3427,1.7533,656,13.1507,0.0947,29.878,1.3662,9.58,44.8174,
12,A fwd: IS 2009-2021 / OOS 2022-2026,Replica,1670,29.0507,1.7427,654,13.2861,0.096,30.1223,1.3715,9.42,45.7343,88.5671
13,A fwd: IS 2009-2022 / OOS 2023-2026,Original,1823,28.1669,1.7074,507,13.186,0.0969,30.7692,1.4139,9.58,46.8139,
13,A fwd: IS 2009-2022 / OOS 2023-2026,Replica,1819,27.8994,1.6981,505,13.3444,0.0984,31.0891,1.4211,9.42,47.8303,88.3629
14,A fwd: IS 2009-2023 / OOS 2024-2026,Original,1966,27.6506,1.71,364,10.5105,0.0787,31.5934,1.3119,9.58,38.0118,
14,A fwd: IS 2009-2023 / OOS 2024-2026,Replica,1962,27.3843,1.7005,362,10.8187,0.0815,32.0442,1.3239,9.42,39.5067,89.2857
15,A fwd: IS 2009-2024 / OOS 2025-2026,Original,2087,26.8986,1.7016,243,7.4719,0.053,29.6296,1.2061,9.58,27.778,
15,A fwd: IS 2009-2024 / OOS 2025-2026,Replica,2083,26.6668,1.6934,241,7.7968,0.0558,29.8755,1.2169,9.42,29.2377,89.7119
16,B bwd: IS 2011-2026 / OOS 2009-2010,Original,2082,22.6656,1.6183,248,44.5616,0.3365,28.629,1.8816,8.32,196.6045,
16,B bwd: IS 2011-2026 / OOS 2009-2010,Replica,2076,22.5638,1.6153,248,43.7499,0.3304,29.0323,1.8548,7.32,193.8939,87.5
17,B bwd: IS 2012-2026 / OOS 2009-2011,Original,1939,21.7346,1.6097,391,41.7165,0.3064,28.3887,1.8199,10.34,191.9361,
17,B bwd: IS 2012-2026 / OOS 2009-2011,Replica,1933,21.6517,1.6076,391,41.0549,0.3016,28.6445,1.7984,10.29,189.6151,87.9795
18,B bwd: IS 2013-2026 / OOS 2009-2012,Original,1804,22.0304,1.6254,526,35.5002,0.2615,29.2776,1.7331,10.34,161.1424,
18,B bwd: IS 2013-2026 / OOS 2009-2012,Replica,1800,22.0143,1.626,524,34.7517,0.2569,29.5802,1.7092,10.29,157.8593,87.6426
19,B bwd: IS 2014-2026 / OOS 2009-2013,Original,1680,21.4193,1.611,650,34.3335,0.2574,30.4615,1.7435,10.34,160.292,
19,B bwd: IS 2014-2026 / OOS 2009-2013,Replica,1676,21.4555,1.6137,648,33.5989,0.2527,30.5556,1.7195,10.29,156.5981,88.6154
20,B bwd: IS 2015-2026 / OOS 2009-2014,Original,1562,21.1912,1.5979,768,32.5915,0.2492,30.599,1.7491,10.34,153.7977,
20,B bwd: IS 2015-2026 / OOS 2009-2014,Replica,1558,21.2244,1.6005,766,31.9939,0.2453,30.6789,1.7282,10.29,150.7406,89.0625
21,B bwd: IS 2016-2026 / OOS 2009-2015,Original,1444,20.9224,1.5906,886,31.3533,0.2432,31.2641,1.7402,10.34,149.8554,
21,B bwd: IS 2016-2026 / OOS 2009-2015,Replica,1442,20.9391,1.5925,882,30.8731,0.2405,31.2925,1.723,10.29,147.442,88.9391
22,B bwd: IS 2017-2026 / OOS 2009-2016,Original,1316,20.961,1.5985,1014,29.9782,0.2328,32.2485,1.7142,12.46,143.0192,
22,B bwd: IS 2017-2026 / OOS 2009-2016,Replica,1314,21.216,1.6089,1010,29.267,0.2282,32.0792,1.6906,12.78,137.9477,89.4477
23,B bwd: IS 2018-2026 / OOS 2009-2017,Original,1182,22.4999,1.6262,1148,27.4495,0.2122,32.3171,1.6811,12.46,121.9984,
23,B bwd: IS 2018-2026 / OOS 2009-2017,Replica,1180,22.7784,1.6373,1144,26.8241,0.2081,32.1678,1.66,12.78,117.7608,89.1986
24,B bwd: IS 2019-2026 / OOS 2009-2018,Original,1058,20.9821,1.5567,1272,28.1362,0.2184,32.7044,1.7311,12.46,134.0963,
24,B bwd: IS 2019-2026 / OOS 2009-2018,Replica,1058,21.206,1.5652,1266,27.6449,0.2156,32.4645,1.7132,12.78,130.3636,89.0723
25,B bwd: IS 2020-2026 / OOS 2009-2019,Original,909,22.925,1.6149,1421,26.2767,0.201,32.0901,1.6797,12.46,114.6201,
25,B bwd: IS 2020-2026 / OOS 2009-2019,Replica,907,23.1004,1.6223,1417,25.8811,0.1986,31.8984,1.6655,12.78,112.0375,89.0218
26,B bwd: IS 2021-2026 / OOS 2009-2020,Original,796,14.7612,1.4039,1534,29.9291,0.2317,32.4641,1.7694,12.46,202.7554,
26,B bwd: IS 2021-2026 / OOS 2009-2020,Replica,794,14.7734,1.4047,1530,29.6605,0.2302,32.2876,1.7598,12.78,200.769,89.1786
27,B bwd: IS 2022-2026 / OOS 2009-2021,Original,656,13.1507,1.3662,1674,29.3427,0.2257,32.6762,1.7533,12.46,223.1274,
27,B bwd: IS 2022-2026 / OOS 2009-2021,Replica,654,13.2861,1.3715,1670,29.0507,0.2239,32.4551,1.7427,12.78,218.6541,89.2473
28,B bwd: IS 2023-2026 / OOS 2009-2022,Original,507,13.186,1.4139,1823,28.1669,0.2143,32.1997,1.7074,12.46,213.6117,
28,B bwd: IS 2023-2026 / OOS 2009-2022,Replica,505,13.3444,1.4211,1819,27.8994,0.2128,31.9956,1.6981,12.78,209.0723,89.2485
29,B bwd: IS 2024-2026 / OOS 2009-2023,Original,364,10.5105,1.3119,1966,27.6506,0.2092,31.943,1.71,12.46,263.0761,
29,B bwd: IS 2024-2026 / OOS 2009-2023,Replica,362,10.8187,1.3239,1962,27.3843,0.2076,31.7533,1.7005,12.78,253.1213,89.0132
30,B bwd: IS 2025-2026 / OOS 2009-2024,Original,243,7.4719,1.2061,2087,26.8986,0.2046,32.1514,1.7016,12.46,359.997,
30,B bwd: IS 2025-2026 / OOS 2009-2024,Replica,241,7.7968,1.2169,2083,26.6668,0.2032,32.0211,1.6934,12.78,342.0238,88.9794
31,C walk-fwd 2y IS -> 1y OOS (16 windows),Original,4241,24.9519,1.6672,2070,22.1255,0.1667,32.2705,1.603,12.46,88.6726,
31,C walk-fwd 2y IS -> 1y OOS (16 windows),Replica,4229,24.8081,1.6648,2064,22.021,0.1664,32.1221,1.5999,12.78,88.7652,89.2271
32,C walk-fwd 2y IS -> 2y OOS (8 windows),Original,2109,26.7206,1.7072,2070,22.1255,0.1667,32.2705,1.603,12.46,82.803,
32,C walk-fwd 2y IS -> 2y OOS (8 windows),Replica,2105,26.4894,1.7024,2064,22.021,0.1664,32.1221,1.5999,12.78,83.1314,89.2271
33,C walk-fwd 3y IS -> 1y OOS (15 windows),Original,5973,24.6684,1.6544,1930,21.1004,0.1596,32.5389,1.5907,12.46,85.5359,
33,C walk-fwd 3y IS -> 1y OOS (15 windows),Replica,5957,24.5104,1.6508,1924,21.0668,0.1598,32.3805,1.5904,12.78,85.9503,89.2746
34,C walk-fwd 3y IS -> 2y OOS (8 windows),Original,3189,24.5375,1.6424,1930,21.1004,0.1596,32.5389,1.5907,12.46,85.9923,
34,C walk-fwd 3y IS -> 2y OOS (8 windows),Replica,3183,24.2971,1.6356,1924,21.0668,0.1598,32.3805,1.5904,12.78,86.7051,89.2746
35,C walk-fwd 4y IS -> 1y OOS (14 windows),Original,7417,24.4377,1.6529,1787,22.2006,0.1689,32.6245,1.6275,12.46,90.8456,
35,C walk-fwd 4y IS -> 1y OOS (14 windows),Replica,7397,24.292,1.6491,1783,22.1954,0.1693,32.4173,1.6285,12.78,91.3694,89.4796
36,C walk-fwd 4y IS -> 2y OOS (7 windows),Original,3693,25.8232,1.6802,1787,22.2006,0.1689,32.6245,1.6275,12.46,85.9714,
36,C walk-fwd 4y IS -> 2y OOS (7 windows),Replica,3685,25.6129,1.6747,1783,22.1954,0.1693,32.4173,1.6285,12.78,86.6573,89.4796
37,C walk-fwd 5y IS -> 1y OOS (13 windows),Original,8562,24.7569,1.6661,1666,21.3902,0.1617,32.2929,1.6098,12.46,86.4007,
37,C walk-fwd 5y IS -> 1y OOS (13 windows),Replica,8540,24.6198,1.6623,1662,21.4235,0.1624,32.13,1.6124,12.78,87.0172,89.1957
38,C walk-fwd 5y IS -> 2y OOS (7 windows),Original,4633,24.2094,1.6426,1666,21.3902,0.1617,32.2929,1.6098,12.46,88.3546,
38,C walk-fwd 5y IS -> 2y OOS (7 windows),Replica,4623,24.0146,1.6365,1662,21.4235,0.1624,32.13,1.6124,12.78,89.2104,89.1957
39,C walk-fwd 6y IS -> 1y OOS (12 windows),Original,9438,25.1064,1.6828,1548,21.2289,0.1591,32.4935,1.5996,12.46,84.5559,
39,C walk-fwd 6y IS -> 1y OOS (12 windows),Replica,9414,24.9875,1.6796,1544,21.2798,0.1598,32.3187,1.6028,12.78,85.1618,89.0181
40,C walk-fwd 6y IS -> 2y OOS (6 windows),Original,4690,26.4978,1.7114,1548,21.2289,0.1591,32.4935,1.5996,12.46,80.1159,
40,C walk-fwd 6y IS -> 2y OOS (6 windows),Replica,4680,26.3303,1.7067,1544,21.2798,0.1598,32.3187,1.6028,12.78,80.8188,89.0181
41,D block: IS 2011-2014 / OOS 2015-2016,Original,520,26.9875,1.6711,246,22.3097,0.1815,37.3984,1.5953,12.46,82.6669,
41,D block: IS 2011-2014 / OOS 2015-2016,Replica,518,26.49,1.6533,244,21.2654,0.1744,36.4754,1.5625,12.78,80.2773,90.6504
42,D block: IS 2012-2015 / OOS 2016-2017,Original,495,23.9125,1.6598,262,14.0454,0.1073,35.8779,1.4226,12.46,58.7366,
42,D block: IS 2012-2015 / OOS 2016-2017,Replica,491,23.5625,1.6467,262,12.9212,0.0987,35.1145,1.3847,12.78,54.8378,90.0763
43,D block: IS 2013-2016 / OOS 2017-2018,Original,488,24.63,1.6894,258,20.8793,0.1617,34.4961,1.8446,6.46,84.7718,
43,D block: IS 2013-2016 / OOS 2017-2018,Replica,486,23.955,1.6661,256,21.2545,0.1659,33.9844,1.8675,6.46,88.727,87.5969
44,D block: IS 2014-2017 / OOS 2018-2019,Original,498,19.0625,1.5752,273,21.0694,0.1542,31.1355,1.6714,7.29,110.5281,
44,D block: IS 2014-2017 / OOS 2018-2019,Replica,496,18.57,1.5582,273,21.6948,0.1588,30.7692,1.6977,7.27,116.8274,88.2784
45,D block: IS 2015-2018 / OOS 2019-2020,Original,504,21.595,1.6943,262,38.7735,0.2962,31.2977,1.9469,8.67,179.5483,
45,D block: IS 2015-2018 / OOS 2019-2020,Replica,500,21.26,1.6823,264,39.6029,0.3002,31.4394,1.9798,8.41,186.2789,89.6947
46,D block: IS 2016-2019 / OOS 2020-2021,Original,535,17.555,1.5434,253,45.9985,0.3639,35.9684,2.1349,10.63,262.0252,
46,D block: IS 2016-2019 / OOS 2020-2021,Replica,535,17.305,1.5351,253,46.2683,0.366,35.5731,2.1473,10.95,267.3697,90.5138
47,D block: IS 2017-2020 / OOS 2021-2022,Original,520,29.8325,1.9084,289,17.6971,0.1224,30.7958,1.3907,10.63,59.3216,
47,D block: IS 2017-2020 / OOS 2021-2022,Replica,520,30.435,1.9375,289,17.4369,0.1206,30.4498,1.3835,10.95,57.2924,89.6194
48,D block: IS 2018-2021 / OOS 2022-2023,Original,526,33.5425,1.9328,292,16.7515,0.1147,27.7397,1.4304,7.85,49.941,
48,D block: IS 2018-2021 / OOS 2022-2023,Replica,526,33.99,1.9517,292,16.6514,0.114,27.7397,1.4272,7.98,48.9891,87.6712
49,D block: IS 2019-2022 / OOS 2023-2024,Original,551,28.2425,1.655,264,18.1076,0.1373,31.8182,1.645,7.62,64.1147,
49,D block: IS 2019-2022 / OOS 2023-2024,Replica,553,28.5275,1.6643,264,18.1226,0.1374,32.197,1.6466,7.68,63.5268,87.1212
50,D block: IS 2020-2023 / OOS 2024-2025,Original,545,31.385,1.7901,260,14.3352,0.1103,32.6923,1.4807,9.58,45.6753,
50,D block: IS 2020-2023 / OOS 2024-2025,Replica,545,31.47,1.7936,260,14.565,0.1121,33.0769,1.4915,9.42,46.2823,89.2308
