Month,TK TF Original trades,Rishi TK TF trades,TK TF Original points,Rishi TK TF points,Diff points (Rishi - TK TF Original),TK TF Original ROI %,Rishi TK TF ROI %,TK TF Original cum points,Rishi TK TF cum points
2009-02,6,6,-60.73,-53.94,6.8,-2.36,-2.12,-60.73,-53.94
2009-03,6,6,333.86,336.5,2.64,12.68,12.78,273.12,282.56
2009-04,12,12,313.37,289.56,-23.81,10.35,9.65,586.5,572.12
2009-05,8,8,578.0,578.0,0.0,14.98,14.98,1164.5,1150.13
2009-06,9,9,228.98,202.22,-26.77,4.81,4.21,1393.48,1352.34
2009-07,9,9,379.21,376.97,-2.24,9.24,9.19,1772.69,1729.31
2009-08,9,9,133.78,128.89,-4.89,2.99,2.88,1906.47,1858.2
2009-09,7,9,61.1,20.56,-40.55,1.44,0.51,1967.57,1878.76
2009-10,7,7,368.67,374.21,5.54,7.25,7.36,2336.24,2252.97
2009-11,5,5,352.78,335.35,-17.44,7.29,6.94,2689.03,2588.31
2009-12,10,10,76.63,76.63,0.0,1.57,1.57,2765.66,2664.94
2010-01,11,11,91.29,91.29,0.0,1.75,1.75,2856.95,2756.24
2010-02,23,23,-1.99,-4.88,-2.89,-0.08,-0.14,2854.96,2751.36
2010-03,11,11,-33.4,-33.4,0.0,-0.61,-0.61,2821.56,2717.96
2010-04,15,15,-141.36,-149.26,-7.9,-2.66,-2.81,2680.2,2568.7
2010-05,8,10,340.52,300.7,-39.81,6.67,5.9,3020.72,2869.4
2010-06,18,18,-116.91,-110.3,6.61,-2.21,-2.08,2903.81,2759.1
2010-07,21,19,-225.52,-170.08,55.44,-4.22,-3.19,2678.29,2589.02
2010-08,14,14,16.35,13.1,-3.25,0.29,0.23,2694.64,2602.12
2010-09,7,5,547.6,578.1,30.5,9.92,10.52,3242.24,3180.22
2010-10,15,15,-306.54,-303.48,3.06,-5.03,-4.98,2935.7,2876.74
2010-11,5,5,534.89,534.89,0.0,8.77,8.77,3470.59,3411.62
2010-12,12,12,38.18,38.18,0.0,0.62,0.62,3508.77,3449.81
2011-01,9,9,366.21,367.92,1.71,5.99,6.02,3874.98,3817.73
2011-02,12,12,188.32,190.51,2.19,3.48,3.52,4063.3,4008.24
2011-03,17,17,35.72,38.48,2.75,0.69,0.74,4099.02,4046.71
2011-04,11,11,8.39,8.39,0.0,0.13,0.13,4107.41,4055.1
2011-05,17,17,-93.02,-98.53,-5.51,-1.65,-1.75,4014.39,3956.57
2011-06,10,10,344.16,344.16,0.0,6.42,6.42,4358.55,4300.73
2011-07,7,7,11.54,11.54,0.0,0.21,0.21,4370.1,4312.28
2011-08,9,9,566.33,569.47,3.14,10.72,10.78,4936.43,4881.75
2011-09,17,17,61.98,52.53,-9.45,1.2,1.01,4998.41,4934.28
2011-10,9,9,-21.73,-21.73,0.0,-0.34,-0.34,4976.69,4912.56
2011-11,14,14,404.08,399.35,-4.73,7.8,7.71,5380.76,5311.9
2011-12,11,11,92.31,83.7,-8.61,1.71,1.53,5473.07,5395.6
2012-01,7,7,487.2,451.47,-35.73,10.0,9.27,5960.27,5847.07
2012-02,5,5,160.43,160.43,0.0,2.95,2.95,6120.71,6007.5
2012-03,15,15,-207.0,-221.07,-14.07,-3.85,-4.11,5913.7,5786.43
2012-04,8,8,-65.62,-66.15,-0.53,-1.26,-1.27,5848.09,5720.28
2012-05,7,7,378.12,378.12,0.0,7.33,7.33,6226.2,6098.4
2012-06,21,21,-145.31,-124.05,21.26,-2.83,-2.41,6080.89,5974.35
2012-07,8,8,23.89,23.89,0.0,0.45,0.45,6104.78,5998.24
2012-08,9,9,106.35,105.24,-1.11,2.02,2.0,6211.12,6103.48
2012-09,5,5,239.14,239.14,0.0,4.64,4.64,6450.26,6342.62
2012-10,19,17,-168.78,-168.77,0.01,-2.96,-2.96,6281.49,6173.85
2012-11,7,7,353.88,352.73,-1.15,6.28,6.26,6635.37,6526.58
2012-12,24,24,-296.29,-318.78,-22.49,-5.05,-5.43,6339.08,6207.8
2013-01,15,15,27.22,18.11,-9.11,0.44,0.29,6366.3,6225.91
2013-02,8,8,106.08,106.08,0.0,1.81,1.81,6472.39,6332.0
2013-03,5,5,282.11,282.11,0.0,4.84,4.84,6754.5,6614.11
2013-04,8,8,409.7,409.7,0.0,7.36,7.36,7164.2,7023.81
2013-05,7,7,104.94,104.94,0.0,1.75,1.75,7269.14,7128.75
2013-06,11,11,52.33,53.45,1.13,0.94,0.96,7321.47,7182.2
2013-07,11,11,207.68,207.68,0.0,3.29,3.29,7529.15,7389.88
2013-08,9,9,218.09,215.36,-2.73,3.92,3.87,7747.23,7605.24
2013-09,13,13,302.8,297.7,-5.11,5.52,5.43,8050.04,7902.93
2013-10,13,13,249.82,224.57,-25.25,4.19,3.78,8299.85,8127.5
2013-11,12,12,-43.02,-43.02,0.0,-0.73,-0.73,8256.83,8084.48
2013-12,12,12,-221.36,-221.36,0.0,-3.54,-3.54,8035.47,7863.12
2014-01,9,9,235.66,238.17,2.51,3.71,3.75,8271.13,8101.29
2014-02,7,7,221.29,221.29,0.0,3.58,3.58,8492.43,8322.58
2014-03,8,8,-46.21,-46.21,0.0,-0.74,-0.74,8446.22,8276.37
2014-04,11,11,11.11,8.42,-2.69,0.16,0.12,8457.33,8284.79
2014-05,10,10,538.66,545.26,6.6,8.04,8.13,8995.99,8830.05
2014-06,11,11,53.2,53.2,0.0,0.85,0.85,9049.19,8883.25
2014-07,7,7,36.81,36.81,0.0,0.53,0.53,9086.01,8920.06
2014-08,9,9,295.16,295.93,0.77,3.77,3.78,9381.17,9215.99
2014-09,13,13,-154.67,-157.1,-2.43,-1.91,-1.94,9226.5,9058.89
2014-10,9,9,217.79,212.27,-5.52,2.76,2.69,9444.3,9271.17
2014-11,10,10,20.8,24.99,4.18,0.24,0.29,9465.1,9296.15
2014-12,14,14,263.41,265.12,1.71,3.09,3.11,9728.51,9561.28
2015-01,7,7,201.39,192.56,-8.83,2.33,2.23,9929.9,9753.83
2015-02,13,13,-133.73,-142.59,-8.86,-1.5,-1.6,9796.17,9611.24
2015-03,13,13,-260.65,-258.68,1.97,-2.93,-2.91,9535.52,9352.57
2015-04,2,2,677.71,666.93,-10.78,7.83,7.7,10213.24,10019.5
2015-05,13,13,-74.0,-69.07,4.93,-0.92,-0.86,10139.24,9950.43
2015-06,10,10,298.39,298.39,0.0,3.58,3.58,10437.63,10248.82
2015-07,12,12,0.5,4.66,4.16,-0.03,0.02,10438.13,10253.49
2015-08,15,15,346.06,346.06,0.0,4.22,4.22,10784.2,10599.55
2015-09,9,9,213.3,210.83,-2.47,2.72,2.69,10997.5,10810.38
2015-10,5,5,221.33,221.33,0.0,2.69,2.69,11218.83,11031.72
2015-11,11,11,87.45,83.06,-4.4,1.03,0.97,11306.28,11114.77
2015-12,8,6,392.53,431.77,39.23,5.04,5.54,11698.81,11546.54
2016-01,6,6,442.91,442.91,0.0,5.65,5.65,12141.72,11989.45
2016-02,9,9,182.53,46.43,-136.1,2.37,0.46,12324.25,12035.88
2016-03,9,9,445.94,445.94,0.0,6.22,6.22,12770.19,12481.82
2016-04,7,7,439.52,436.44,-3.08,5.72,5.68,13209.71,12918.26
2016-05,9,9,314.95,314.95,0.0,4.01,4.01,13524.66,13233.21
2016-06,12,12,-325.52,-325.52,0.0,-3.98,-3.98,13199.15,12907.69
2016-07,8,8,150.09,149.27,-0.82,1.81,1.8,13349.24,13056.97
2016-08,18,18,-79.45,-91.49,-12.05,-0.9,-1.04,13269.79,12965.47
2016-09,13,13,-275.55,-291.51,-15.97,-3.12,-3.3,12994.25,12673.96
2016-10,11,11,41.04,45.36,4.31,0.47,0.52,13035.29,12719.31
2016-11,10,10,-135.8,-139.19,-3.39,-1.56,-1.6,12899.49,12580.13
2016-12,16,16,309.46,307.01,-2.46,3.9,3.87,13208.95,12887.13
2017-01,6,6,39.63,47.02,7.39,0.48,0.57,13248.58,12934.15
2017-02,11,11,45.69,45.69,-0.0,0.54,0.54,13294.27,12979.84
2017-03,15,15,-373.48,-373.48,0.0,-4.19,-4.19,12920.79,12606.35
2017-04,12,12,-26.49,-26.49,-0.0,-0.28,-0.28,12894.3,12579.86
2017-05,16,16,165.73,169.44,3.71,1.77,1.81,13060.03,12749.3
2017-06,15,15,-160.27,-188.16,-27.89,-1.67,-1.96,12899.75,12561.14
2017-07,9,9,252.4,255.35,2.95,2.66,2.69,13152.16,12816.5
2017-08,10,10,184.22,184.22,0.0,1.82,1.82,13336.38,13000.72
2017-09,17,17,69.56,67.58,-1.98,0.69,0.67,13405.94,13068.3
2017-10,5,5,498.23,498.23,0.0,4.96,4.96,13904.17,13566.53
2017-11,9,9,202.9,207.04,4.14,1.95,1.99,14107.07,13773.57
2017-12,9,9,-126.59,-110.06,16.53,-1.21,-1.05,13980.48,13663.51
2018-01,7,7,317.82,322.0,4.18,2.99,3.03,14298.3,13985.51
2018-02,15,15,237.63,233.4,-4.23,2.15,2.11,14535.93,14218.91
2018-03,15,15,150.63,144.54,-6.1,1.45,1.39,14686.57,14363.45
2018-04,9,7,186.77,277.47,90.7,1.82,2.68,14873.34,14640.92
2018-05,12,12,94.65,84.97,-9.68,0.88,0.79,14967.99,14725.9
2018-06,22,22,-80.71,-79.63,1.08,-0.73,-0.72,14887.28,14646.26
2018-07,10,10,441.86,437.46,-4.4,4.08,4.04,15329.13,15083.72
2018-08,14,14,-88.3,-86.06,2.24,-0.76,-0.74,15240.84,14997.66
2018-09,5,5,567.93,567.93,0.0,4.95,4.95,15808.76,15565.59
2018-10,7,7,1118.43,1118.43,0.0,10.57,10.57,16927.19,16684.01
2018-11,4,4,290.46,290.46,0.0,2.74,2.74,17217.65,16974.47
2018-12,4,4,436.55,436.55,0.0,4.07,4.07,17654.2,17411.02
2019-01,20,20,-134.11,-134.11,0.0,-1.22,-1.22,17520.09,17276.92
2019-02,11,11,-215.08,-213.97,1.11,-1.99,-1.98,17305.02,17062.95
2019-03,5,5,632.98,653.7,20.72,5.81,5.99,17938.0,17716.65
2019-04,18,20,-294.48,-275.87,18.61,-2.53,-2.37,17643.52,17440.78
2019-05,5,5,835.91,832.27,-3.63,7.26,7.23,18479.42,18273.05
2019-06,14,14,-165.19,-160.62,4.57,-1.4,-1.36,18314.23,18112.43
2019-07,8,8,825.49,825.49,0.0,7.04,7.04,19139.72,18937.92
2019-08,19,19,-572.64,-572.64,0.0,-5.24,-5.24,18567.08,18365.27
2019-09,10,10,123.81,116.16,-7.65,1.12,1.05,18690.89,18481.43
2019-10,14,14,-25.22,-4.38,20.84,-0.24,-0.06,18665.67,18477.05
2019-11,11,11,-151.36,-153.74,-2.38,-1.27,-1.29,18514.31,18323.31
2019-12,14,14,64.33,76.46,12.14,0.56,0.66,18578.64,18399.77
2020-01,8,8,427.44,433.47,6.03,3.49,3.54,19006.08,18833.24
2020-02,6,6,813.4,813.4,0.0,6.74,6.74,19819.48,19646.64
2020-03,5,5,3300.33,3316.22,15.89,30.02,30.14,23119.81,22962.86
2020-04,10,10,169.01,212.8,43.79,2.23,2.72,23288.82,23175.66
2020-05,12,12,483.04,483.04,0.0,5.35,5.35,23771.86,23658.7
2020-06,23,23,-856.17,-806.02,50.15,-8.47,-7.98,22915.69,22852.67
2020-07,6,6,770.14,771.13,0.99,7.26,7.27,23685.83,23623.81
2020-08,6,6,279.0,279.0,0.0,2.5,2.5,23964.83,23902.81
2020-09,11,11,593.39,591.1,-2.29,5.35,5.33,24558.23,24493.91
2020-10,17,17,-212.04,-215.6,-3.56,-1.78,-1.81,24346.18,24278.31
2020-11,5,5,1091.98,1091.98,0.0,9.29,9.29,25438.17,25370.29
2020-12,4,4,1033.58,1033.58,0.0,7.72,7.72,26471.75,26403.88
2021-01,5,5,713.19,713.19,0.0,4.89,4.89,27184.94,27117.06
2021-02,6,6,1232.35,1232.35,0.0,8.76,8.76,28417.28,28349.41
2021-03,19,19,-470.16,-494.18,-24.02,-3.15,-3.31,27947.12,27855.23
2021-04,15,15,-742.78,-766.02,-23.24,-5.19,-5.35,27204.34,27089.21
2021-05,9,9,575.92,575.92,0.0,3.84,3.84,27780.27,27665.13
2021-06,17,17,-48.98,-58.4,-9.42,-0.32,-0.38,27731.28,27606.73
2021-07,10,10,-21.65,-21.65,0.0,-0.14,-0.14,27709.63,27585.08
2021-08,9,9,1179.24,1179.24,0.0,7.25,7.25,28888.87,28764.31
2021-09,15,15,-424.31,-424.31,0.0,-2.39,-2.39,28464.56,28340.0
2021-10,10,10,326.14,326.14,-0.0,1.83,1.83,28790.7,28666.14
2021-11,12,12,260.65,230.2,-30.45,1.43,1.26,29051.34,28896.33
2021-12,13,13,949.5,946.09,-3.41,5.55,5.53,30000.84,29842.43
2022-01,4,4,524.56,521.11,-3.45,2.84,2.82,30525.4,30363.54
2022-02,18,18,-351.46,-341.1,10.37,-2.05,-1.99,30173.94,30022.44
2022-03,10,10,987.28,987.28,0.0,5.95,5.95,31161.22,31009.72
2022-04,17,17,446.41,442.84,-3.57,2.64,2.62,31607.63,31452.56
2022-05,9,9,-176.1,-177.72,-1.62,-1.11,-1.12,31431.53,31274.84
2022-06,14,14,-133.82,-114.96,18.86,-0.83,-0.71,31297.71,31159.88
2022-07,16,16,1573.5,1581.46,7.95,9.59,9.64,32871.22,32741.34
2022-08,4,4,217.03,217.03,0.0,1.23,1.23,33088.25,32958.37
2022-09,18,18,125.05,125.05,0.0,0.7,0.7,33213.3,33083.42
2022-10,12,12,-349.5,-371.5,-22.0,-2.07,-2.2,32863.8,32711.92
2022-11,8,8,-133.2,-133.2,0.0,-0.76,-0.76,32730.59,32578.71
2022-12,19,19,-576.85,-576.85,0.0,-3.12,-3.12,32153.74,32001.86
2023-01,12,12,4.37,4.38,0.0,0.03,0.03,32158.11,32006.24
2023-02,12,12,365.07,370.38,5.31,2.02,2.05,32523.18,32376.61
2023-03,11,11,981.44,981.44,0.0,5.62,5.62,33504.62,33358.06
2023-04,10,10,26.61,37.2,10.59,0.15,0.21,33531.23,33395.26
2023-05,12,12,-214.09,-215.91,-1.82,-1.18,-1.19,33317.15,33179.35
2023-06,18,18,359.42,353.86,-5.56,1.9,1.87,33676.57,33533.21
2023-07,18,18,-691.48,-730.76,-39.28,-3.53,-3.73,32985.09,32802.45
2023-08,23,23,-391.89,-417.29,-25.41,-2.02,-2.15,32593.2,32385.16
2023-09,4,4,1012.36,1012.36,0.0,5.17,5.17,33605.56,33397.52
2023-10,12,12,485.89,489.83,3.94,2.45,2.47,34091.45,33887.35
2023-11,5,5,1571.73,1573.62,1.9,8.12,8.13,35663.18,35460.98
2023-12,6,6,364.02,364.02,0.0,1.74,1.74,36027.2,35825.0
2024-01,18,18,-437.16,-445.8,-8.64,-2.03,-2.07,35590.04,35379.2
2024-02,15,15,-898.58,-900.8,-2.22,-4.12,-4.13,34691.46,34478.4
2024-03,17,17,-2.45,-4.65,-2.2,-0.02,-0.03,34689.01,34473.75
2024-04,6,6,460.71,496.66,35.94,2.05,2.21,35149.73,34970.41
2024-05,7,7,247.55,247.55,0.0,1.12,1.12,35397.28,35217.96
2024-06,7,7,839.63,839.63,0.0,3.69,3.69,36236.9,36057.58
2024-07,6,6,357.89,357.9,0.01,1.46,1.46,36594.79,36415.48
2024-08,6,6,830.92,826.05,-4.87,3.39,3.37,37425.71,37241.53
2024-09,11,11,706.65,766.35,59.7,2.68,2.92,38132.36,38007.88
2024-10,8,8,356.24,346.33,-9.92,1.41,1.37,38488.6,38354.2
2024-11,11,11,964.57,964.57,0.0,4.05,4.05,39453.17,39318.77
2024-12,9,9,517.78,517.78,0.0,2.09,2.09,39970.95,39836.55
2025-01,17,17,-411.56,-416.22,-4.66,-1.81,-1.83,39559.39,39420.33
2025-02,7,7,1174.56,1179.24,4.68,5.06,5.08,40733.96,40599.57
2025-03,9,9,640.39,638.14,-2.25,2.89,2.88,41374.35,41237.71
2025-04,4,4,1983.68,1983.68,0.0,8.57,8.57,43358.04,43221.4
2025-05,23,23,-2353.14,-2313.68,39.46,-9.58,-9.42,41004.9,40907.72
2025-06,9,9,572.59,572.59,0.0,2.3,2.3,41577.49,41480.31
2025-07,23,23,-88.25,-90.75,-2.5,-0.34,-0.35,41489.24,41389.56
2025-08,8,8,-103.56,-128.04,-24.48,-0.41,-0.51,41385.68,41261.52
2025-09,8,8,915.74,942.44,26.7,3.66,3.77,42301.42,42203.96
2025-10,8,8,800.23,800.23,0.0,3.2,3.2,43101.65,43004.19
2025-11,7,7,67.55,67.55,0.0,0.26,0.26,43169.2,43071.74
2025-12,16,16,-227.42,-219.62,7.8,-0.88,-0.85,42941.77,42852.12
2026-01,10,10,241.38,264.48,23.1,0.88,0.97,43183.15,43116.6
2026-02,17,15,621.24,644.79,23.55,2.43,2.52,43804.39,43761.39
2026-03,4,4,-348.62,-348.62,0.0,-1.47,-1.47,43455.77,43412.76
2026-04,12,12,-241.04,-193.69,47.35,-1.01,-0.8,43214.73,43219.08
2026-05,18,18,-477.95,-477.95,0.0,-1.97,-1.97,42736.78,42741.13
2026-06,10,10,190.18,197.14,6.95,0.81,0.84,42926.97,42938.27
2026-07,19,19,-316.24,-328.36,-12.12,-1.29,-1.34,42610.73,42609.9
2026-08,9,9,45.57,48.0,2.43,0.18,0.19,42656.29,42657.9
2026-09,5,5,338.4,338.4,0.0,1.4,1.4,42994.69,42996.29
