family,variation,cost_per_side,trades,cagr,cdd,mar,roi,roi_yr,sdd,pf,win,avg,worst_yr,med_yr,loss_yrs,is_cagr,is_cdd,is_mar,oos_cagr,oos_cdd,oos_mar
0 Baseline,Rishi Every-Candle,0.0,2324,26.316,12.269,2.145,436.75,24.817,12.78,1.649,31.799,0.188,0.94,19.07,0,28.734,12.269,2.342,23.904,10.481,2.281
0 Baseline,Rishi Every-Candle,0.02,2324,19.826,14.696,1.349,343.79,19.535,15.58,1.467,29.217,0.148,-3.18,13.41,1,22.273,14.696,1.516,17.388,12.738,1.365
0 Baseline,Rishi Every-Candle,0.05,2324,10.707,22.056,0.485,204.35,11.612,24.18,1.244,27.108,0.088,-9.36,4.935,3,13.182,21.547,0.612,8.246,22.056,0.374
A Short size,all shorts x0,0.0,1162,20.056,7.736,2.593,336.29,19.109,7.97,2.055,35.026,0.289,-4.96,17.925,1,22.668,7.736,2.93,17.456,7.196,2.426
A Short size,all shorts x0,0.02,1162,16.934,8.621,1.964,289.81,16.468,8.93,1.829,32.272,0.249,-7.04,14.925,1,19.554,8.621,2.268,14.328,8.418,1.702
A Short size,all shorts x0,0.05,1162,12.401,12.246,1.013,220.09,12.506,12.74,1.554,30.379,0.189,-10.16,10.425,1,15.029,10.008,1.502,9.79,12.246,0.799
A Short size,all shorts x0.25,0.0,2324,21.731,7.788,2.79,361.405,20.536,8.04,1.887,31.799,0.156,-3.485,17.832,1,24.283,7.744,3.136,19.191,7.788,2.464
A Short size,all shorts x0.25,0.02,2324,17.786,9.033,1.969,303.305,17.234,9.287,1.679,29.217,0.131,-6.075,14.078,1,20.35,9.033,2.253,15.235,8.571,1.777
A Short size,all shorts x0.25,0.05,2324,12.104,14.457,0.837,216.155,12.282,15.292,1.426,27.108,0.093,-9.96,8.445,1,14.68,11.925,1.231,9.544,14.457,0.66
A Short size,all shorts x0.5,0.0,2324,23.333,8.805,2.65,386.52,21.963,9.01,1.78,31.799,0.166,-2.01,17.282,1,25.833,8.805,2.934,20.842,8.688,2.399
A Short size,all shorts x0.5,0.02,2324,18.55,10.703,1.733,316.8,18.001,11.085,1.583,29.217,0.136,-5.11,13.222,1,21.068,10.703,1.968,16.044,9.692,1.655
A Short size,all shorts x0.5,0.05,2324,11.72,17.024,0.688,212.22,12.059,18.255,1.344,27.108,0.091,-9.76,7.532,2,14.254,14.08,1.012,9.2,17.024,0.54
A Short size,all shorts x0.75,0.0,2324,24.861,10.548,2.357,411.635,23.39,10.883,1.705,31.799,0.177,-0.535,18.401,1,27.317,10.548,2.59,22.412,9.586,2.338
A Short size,all shorts x0.75,0.02,2324,19.23,12.717,1.512,330.295,18.768,13.332,1.516,29.217,0.142,-4.145,13.291,1,21.709,12.717,1.707,16.76,11.205,1.496
A Short size,all shorts x0.75,0.05,2324,11.253,19.558,0.575,208.285,11.835,21.217,1.286,27.108,0.09,-9.56,5.861,2,13.754,17.495,0.786,8.765,19.558,0.448
B Trend-gated shorts,"short only at/below 20d flip avg, else x0",0.0,1606,24.877,11.847,2.1,412.24,23.424,12.5,1.888,33.748,0.257,0.92,19.19,0,26.663,8.125,3.282,23.087,11.847,1.949
B Trend-gated shorts,"short only at/below 20d flip avg, else x0",0.02,1606,20.41,12.903,1.582,348.0,19.774,13.7,1.686,31.382,0.217,-2.32,15.17,1,22.286,9.212,2.419,18.532,12.903,1.436
B Trend-gated shorts,"short only at/below 20d flip avg, else x0",0.05,1606,14.005,14.464,0.968,251.64,14.299,15.5,1.438,29.452,0.157,-7.18,9.14,2,15.999,11.848,1.35,12.012,14.464,0.83
B Trend-gated shorts,"short only at/below 20d flip avg, else x0.25",0.0,2324,25.293,11.352,2.228,418.368,23.772,11.94,1.81,31.799,0.18,0.925,18.544,0,27.255,8.647,3.152,23.329,11.352,2.055
B Trend-gated shorts,"short only at/below 20d flip avg, else x0.25",0.02,2324,20.319,12.423,1.636,346.948,19.714,13.15,1.614,29.217,0.149,-2.535,14.534,1,22.357,10.612,2.107,18.282,12.423,1.472
B Trend-gated shorts,"short only at/below 20d flip avg, else x0.25",0.05,2324,13.224,15.955,0.829,239.818,13.627,16.74,1.375,27.108,0.103,-7.725,8.085,2,15.359,13.481,1.139,11.093,15.955,0.695
B Trend-gated shorts,"short only at/below 20d flip avg, else x0.5",0.0,2324,25.671,11.061,2.321,424.495,24.121,11.61,1.747,31.799,0.183,0.93,18.972,0,27.797,9.869,2.817,23.545,11.061,2.129
B Trend-gated shorts,"short only at/below 20d flip avg, else x0.5",0.02,2324,20.191,12.179,1.658,345.895,19.654,12.87,1.556,29.217,0.149,-2.75,14.29,1,22.378,11.992,1.866,18.007,12.179,1.478
B Trend-gated shorts,"short only at/below 20d flip avg, else x0.5",0.05,2324,12.413,18.029,0.688,227.995,12.955,19.22,1.323,27.108,0.098,-8.27,7.03,2,14.674,15.085,0.973,10.158,18.029,0.563
B Trend-gated shorts,"short only at/below 30d flip avg, else x0",0.0,1588,25.632,10.066,2.546,423.09,24.041,10.5,1.918,33.753,0.266,2.6,19.39,0,26.977,8.672,3.111,24.279,10.066,2.412
B Trend-gated shorts,"short only at/below 30d flip avg, else x0",0.02,1588,21.188,11.036,1.92,359.57,20.431,11.58,1.714,31.36,0.226,-0.4,15.99,1,22.606,9.959,2.27,19.763,11.036,1.791
B Trend-gated shorts,"short only at/below 30d flip avg, else x0",0.05,1588,14.812,12.505,1.184,264.29,15.017,13.2,1.464,29.345,0.166,-4.9,10.5,2,16.326,12.505,1.306,13.292,12.472,1.066
B Trend-gated shorts,"short only at/below 30d flip avg, else x0.25",0.0,2324,25.857,10.012,2.583,426.505,24.235,10.44,1.83,31.799,0.184,2.185,19.196,0,27.491,9.293,2.958,24.218,10.012,2.419
B Trend-gated shorts,"short only at/below 30d flip avg, else x0.25",0.02,2324,20.899,11.163,1.872,355.625,20.207,11.56,1.633,29.217,0.153,-1.095,15.251,1,22.596,11.163,2.024,19.196,11.018,1.742
B Trend-gated shorts,"short only at/below 30d flip avg, else x0.25",0.05,2324,13.821,13.986,0.988,249.305,14.166,14.665,1.392,27.108,0.107,-6.015,9.265,2,15.602,13.986,1.116,12.039,13.699,0.879
B Trend-gated shorts,"short only at/below 30d flip avg, else x0.5",0.0,2324,26.046,10.293,2.53,429.92,24.429,10.61,1.759,31.799,0.185,1.77,19.127,0,27.954,10.293,2.716,24.135,10.167,2.374
B Trend-gated shorts,"short only at/below 30d flip avg, else x0.5",0.02,2324,20.575,12.354,1.665,351.68,19.983,12.89,1.567,29.217,0.151,-1.79,14.447,1,22.537,12.354,1.824,18.611,11.243,1.655
B Trend-gated shorts,"short only at/below 30d flip avg, else x0.5",0.05,2324,12.806,16.569,0.773,234.32,13.314,17.455,1.333,27.108,0.101,-7.13,7.397,2,14.835,15.445,0.961,10.78,16.569,0.651
B Trend-gated shorts,"short only at/below 40d flip avg, else x0",0.0,1576,24.403,10.066,2.424,405.57,23.045,10.5,1.873,33.376,0.257,0.95,17.625,0,26.46,8.672,3.051,22.345,10.066,2.22
B Trend-gated shorts,"short only at/below 40d flip avg, else x0",0.02,1576,20.035,11.036,1.815,342.53,19.463,11.58,1.676,30.964,0.217,-2.17,13.695,1,22.134,9.584,2.31,17.937,11.036,1.625
B Trend-gated shorts,"short only at/below 40d flip avg, else x0",0.05,1576,13.765,12.472,1.104,247.97,14.09,13.2,1.433,28.934,0.157,-6.85,7.635,2,15.918,11.101,1.434,11.617,12.472,0.931
B Trend-gated shorts,"short only at/below 40d flip avg, else x0.25",0.0,2324,24.936,10.012,2.491,413.365,23.488,10.44,1.8,31.799,0.178,0.948,17.928,0,27.104,8.816,3.074,22.769,10.012,2.274
B Trend-gated shorts,"short only at/below 40d flip avg, else x0.25",0.02,2324,20.038,11.018,1.819,342.845,19.481,11.56,1.607,29.217,0.148,-2.423,13.858,1,22.245,9.973,2.23,17.834,11.018,1.619
B Trend-gated shorts,"short only at/below 40d flip avg, else x0.25",0.05,2324,13.045,14.835,0.879,237.065,13.47,15.412,1.371,27.108,0.102,-7.478,7.601,2,15.299,12.755,1.2,10.797,14.835,0.728
B Trend-gated shorts,"short only at/below 40d flip avg, else x0.5",0.0,2324,25.432,10.167,2.501,421.16,23.931,10.61,1.741,31.799,0.181,0.945,18.008,0,27.697,9.529,2.907,23.17,10.167,2.279
B Trend-gated shorts,"short only at/below 40d flip avg, else x0.5",0.02,2324,20.003,11.572,1.729,343.16,19.499,12.01,1.552,29.217,0.148,-2.675,13.548,1,22.304,11.572,1.927,17.708,11.243,1.575
B Trend-gated shorts,"short only at/below 40d flip avg, else x0.5",0.05,2324,12.294,17.303,0.711,226.16,12.851,18.335,1.321,27.108,0.097,-8.105,6.708,2,14.636,14.638,1.0,9.962,17.303,0.576
B Trend-gated shorts,"short only at/below 50d flip avg, else x0",0.0,1565,24.222,10.074,2.404,402.92,22.895,10.51,1.871,33.163,0.257,0.29,18.04,0,25.844,9.844,2.625,22.594,10.074,2.243
B Trend-gated shorts,"short only at/below 50d flip avg, else x0",0.02,1565,19.89,10.973,1.813,340.32,19.338,11.51,1.674,30.863,0.217,-2.75,13.88,1,21.533,10.459,2.059,18.242,10.973,1.662
B Trend-gated shorts,"short only at/below 50d flip avg, else x0",0.05,1565,13.67,13.651,1.001,246.42,14.002,14.05,1.432,28.818,0.157,-7.31,8.03,2,15.339,12.798,1.199,11.999,13.651,0.879
B Trend-gated shorts,"short only at/below 50d flip avg, else x0.25",0.0,2324,24.8,10.018,2.476,411.378,23.375,10.447,1.798,31.799,0.177,0.452,17.988,0,26.641,9.844,2.706,22.956,10.018,2.291
B Trend-gated shorts,"short only at/below 50d flip avg, else x0.25",0.02,2324,19.93,10.971,1.817,341.188,19.387,11.507,1.606,29.217,0.147,-2.858,14.026,1,21.795,10.459,2.084,18.062,10.971,1.646
B Trend-gated shorts,"short only at/below 50d flip avg, else x0.25",0.05,2324,12.975,15.816,0.82,235.902,13.404,16.582,1.37,27.108,0.102,-7.823,8.241,2,14.869,12.709,1.17,11.081,15.816,0.701
B Trend-gated shorts,"short only at/below 50d flip avg, else x0.5",0.0,2324,25.342,10.171,2.492,419.835,23.856,10.615,1.74,31.799,0.181,0.615,18.042,0,27.388,9.844,2.782,23.295,10.171,2.29
B Trend-gated shorts,"short only at/below 50d flip avg, else x0.5",0.02,2324,19.932,11.568,1.723,342.055,19.436,12.005,1.551,29.217,0.147,-2.965,13.602,1,22.005,11.568,1.902,17.86,11.211,1.593
B Trend-gated shorts,"short only at/below 50d flip avg, else x0.5",0.05,2324,12.249,17.938,0.683,225.385,12.807,19.115,1.32,27.108,0.097,-8.335,6.852,2,14.352,14.608,0.982,10.149,17.938,0.566
B Trend-gated shorts,"short only at/below 60d flip avg, else x0",0.0,1541,23.954,11.473,2.088,398.82,22.662,12.09,1.874,33.55,0.259,-0.56,17.875,1,25.616,9.844,2.602,22.287,11.473,1.943
B Trend-gated shorts,"short only at/below 60d flip avg, else x0",0.02,1541,19.697,12.323,1.598,337.18,19.159,13.05,1.677,31.213,0.219,-3.56,13.83,1,21.368,10.459,2.043,18.021,12.323,1.462
B Trend-gated shorts,"short only at/below 60d flip avg, else x0",0.05,1541,13.58,13.584,1.0,244.72,13.905,14.49,1.435,29.137,0.159,-8.06,9.075,3,15.26,12.074,1.264,11.897,13.584,0.876
B Trend-gated shorts,"short only at/below 60d flip avg, else x0.25",0.0,2324,24.603,11.068,2.223,408.302,23.2,11.632,1.8,31.799,0.176,-0.185,17.738,1,26.473,9.844,2.689,22.73,11.068,2.054
B Trend-gated shorts,"short only at/below 60d flip avg, else x0.25",0.02,2324,19.789,11.984,1.651,338.832,19.253,12.663,1.608,29.217,0.146,-3.465,14.058,1,21.675,10.459,2.072,17.901,11.984,1.494
B Trend-gated shorts,"short only at/below 60d flip avg, else x0.25",0.05,2324,12.912,15.671,0.824,234.628,13.332,16.403,1.372,27.108,0.101,-8.385,8.798,3,14.814,12.709,1.166,11.01,15.671,0.703
B Trend-gated shorts,"short only at/below 60d flip avg, else x0.5",0.0,2324,25.212,10.87,2.319,417.785,23.739,11.405,1.74,31.799,0.18,0.19,18.08,0,27.278,9.844,2.771,23.147,10.87,2.129
B Trend-gated shorts,"short only at/below 60d flip avg, else x0.5",0.02,2324,19.841,11.884,1.669,340.485,19.347,12.545,1.551,29.217,0.147,-3.37,13.81,1,21.927,11.568,1.896,17.756,11.884,1.494
B Trend-gated shorts,"short only at/below 60d flip avg, else x0.5",0.05,2324,12.209,17.845,0.684,224.535,12.758,18.995,1.321,27.108,0.097,-8.71,7.337,2,14.317,14.608,0.98,10.105,17.845,0.566
B Trend-gated shorts,"short only at/below 75d flip avg, else x0",0.0,1543,23.95,11.473,2.088,398.96,22.67,12.09,1.868,33.377,0.259,-0.95,18.61,1,25.27,9.844,2.567,22.621,11.473,1.972
B Trend-gated shorts,"short only at/below 75d flip avg, else x0",0.02,1543,19.687,12.323,1.598,337.24,19.163,13.05,1.673,31.108,0.219,-4.31,14.41,1,21.066,10.559,1.995,18.301,12.323,1.485
B Trend-gated shorts,"short only at/below 75d flip avg, else x0",0.05,1543,13.563,14.051,0.965,244.66,13.902,14.5,1.432,29.034,0.159,-9.35,9.175,1,15.02,12.074,1.244,12.101,14.051,0.861
B Trend-gated shorts,"short only at/below 75d flip avg, else x0.25",0.0,2324,24.597,11.068,2.222,408.408,23.206,11.632,1.796,31.799,0.176,-0.478,18.098,1,26.21,9.844,2.663,22.977,11.068,2.076
B Trend-gated shorts,"short only at/below 75d flip avg, else x0.25",0.02,2324,19.779,11.984,1.65,338.878,19.256,12.663,1.605,29.217,0.146,-4.028,14.448,1,21.446,10.701,2.004,18.107,11.984,1.511
B Trend-gated shorts,"short only at/below 75d flip avg, else x0.25",0.05,2324,12.896,16.111,0.8,234.582,13.329,16.92,1.37,27.108,0.101,-9.353,8.844,2,14.633,13.383,1.093,11.158,16.111,0.693
B Trend-gated shorts,"short only at/below 75d flip avg, else x0.5",0.0,2324,25.206,10.87,2.319,417.855,23.743,11.405,1.738,31.799,0.18,-0.005,17.418,1,27.1,10.053,2.696,23.31,10.87,2.144
B Trend-gated shorts,"short only at/below 75d flip avg, else x0.5",0.02,2324,19.832,12.049,1.646,340.515,19.349,12.555,1.55,29.217,0.147,-3.745,13.228,1,21.773,12.049,1.807,17.89,11.884,1.505
B Trend-gated shorts,"short only at/below 75d flip avg, else x0.5",0.05,2324,12.197,18.132,0.673,224.505,12.757,19.34,1.32,27.108,0.097,-9.355,6.895,2,14.196,15.048,0.943,10.2,18.132,0.563
B Trend-gated shorts,"short only at/below 100d flip avg, else x0",0.0,1522,24.508,10.066,2.435,406.89,23.12,10.52,1.898,33.574,0.267,0.29,19.0,0,25.542,9.844,2.595,23.466,10.066,2.331
B Trend-gated shorts,"short only at/below 100d flip avg, else x0",0.02,1522,20.284,10.857,1.868,346.01,19.661,11.4,1.7,31.34,0.227,-3.15,15.645,1,21.367,10.559,2.024,19.192,10.857,1.768
B Trend-gated shorts,"short only at/below 100d flip avg, else x0",0.05,1522,14.212,12.77,1.113,254.69,14.472,13.01,1.457,29.304,0.167,-8.31,10.1,1,15.361,12.074,1.272,13.055,12.77,1.022
B Trend-gated shorts,"short only at/below 100d flip avg, else x0.25",0.0,2324,25.017,10.009,2.5,414.355,23.544,10.455,1.816,31.799,0.178,0.452,18.455,0,26.41,9.844,2.683,23.616,10.009,2.36
B Trend-gated shorts,"short only at/below 100d flip avg, else x0.25",0.02,2324,20.226,10.881,1.859,345.455,19.629,11.425,1.623,29.217,0.149,-3.158,14.731,1,21.668,10.701,2.025,18.778,10.881,1.726
B Trend-gated shorts,"short only at/below 100d flip avg, else x0.25",0.05,2324,13.379,15.177,0.882,242.105,13.757,15.803,1.386,27.108,0.104,-8.572,8.994,2,14.883,13.383,1.112,11.87,15.177,0.782
B Trend-gated shorts,"short only at/below 100d flip avg, else x0.5",0.0,2324,25.488,10.163,2.508,421.82,23.969,10.62,1.75,31.799,0.182,0.615,18.557,0,27.232,10.053,2.709,23.739,10.163,2.336
B Trend-gated shorts,"short only at/below 100d flip avg, else x0.5",0.02,2324,20.13,12.049,1.671,344.9,19.598,12.555,1.56,29.217,0.148,-3.165,13.892,1,21.919,12.049,1.819,18.338,11.149,1.645
B Trend-gated shorts,"short only at/below 100d flip avg, else x0.5",0.05,2324,12.517,17.526,0.714,229.52,13.042,18.595,1.329,27.108,0.099,-8.835,7.652,2,14.36,15.048,0.954,10.673,17.526,0.609
B Trend-gated shorts,"short only at/below 125d flip avg, else x0",0.0,1529,23.521,10.587,2.222,392.76,22.317,11.07,1.857,33.355,0.257,-2.21,18.56,1,24.12,10.587,2.278,22.914,10.066,2.277
B Trend-gated shorts,"short only at/below 125d flip avg, else x0",0.02,1529,19.311,11.233,1.719,331.6,18.842,11.79,1.663,31.131,0.217,-5.61,15.52,1,20.009,11.233,1.781,18.605,10.857,1.714
B Trend-gated shorts,"short only at/below 125d flip avg, else x0",0.05,1529,13.26,15.426,0.86,239.86,13.629,16.12,1.425,29.104,0.157,-10.71,9.615,2,14.092,12.356,1.141,12.421,15.426,0.805
B Trend-gated shorts,"short only at/below 125d flip avg, else x0.25",0.0,2324,24.275,10.251,2.368,403.757,22.942,10.693,1.789,31.799,0.174,-1.422,18.225,1,25.339,10.251,2.472,23.201,10.009,2.318
B Trend-gated shorts,"short only at/below 125d flip avg, else x0.25",0.02,2324,19.498,11.204,1.74,334.648,19.015,11.672,1.599,29.217,0.144,-5.003,14.85,1,20.649,11.204,1.843,18.338,10.881,1.685
B Trend-gated shorts,"short only at/below 125d flip avg, else x0.25",0.05,2324,12.671,17.119,0.74,230.983,13.125,18.135,1.365,27.108,0.099,-10.372,9.521,2,13.937,13.677,1.019,11.398,17.119,0.666
B Trend-gated shorts,"short only at/below 125d flip avg, else x0.5",0.0,2324,24.992,10.478,2.385,414.755,23.567,10.8,1.733,31.799,0.178,-0.635,18.765,1,26.515,10.478,2.53,23.461,10.163,2.309
B Trend-gated shorts,"short only at/below 125d flip avg, else x0.5",0.02,2324,19.646,12.378,1.587,337.695,19.188,12.94,1.546,29.217,0.145,-4.395,14.278,1,21.24,12.378,1.716,18.046,11.149,1.619
B Trend-gated shorts,"short only at/below 125d flip avg, else x0.5",0.05,2324,12.049,18.788,0.641,222.105,12.62,20.15,1.317,27.108,0.096,-10.035,7.962,2,13.733,15.239,0.901,10.361,18.788,0.552
B Trend-gated shorts,"short only at/below 150d flip avg, else x0",0.0,1529,23.229,10.587,2.194,388.58,22.08,11.07,1.846,33.159,0.254,-4.86,18.07,1,24.849,10.587,2.347,21.603,8.342,2.59
B Trend-gated shorts,"short only at/below 150d flip avg, else x0",0.02,1529,19.029,11.233,1.694,327.42,18.605,11.79,1.654,30.935,0.214,-8.3,14.87,2,20.659,11.233,1.839,17.393,10.026,1.735
B Trend-gated shorts,"short only at/below 150d flip avg, else x0",0.05,1529,12.992,15.381,0.845,235.68,13.392,16.04,1.417,28.842,0.154,-13.46,8.825,2,14.633,12.356,1.184,11.347,15.381,0.738
B Trend-gated shorts,"short only at/below 150d flip avg, else x0.25",0.0,2324,24.054,10.251,2.347,400.622,22.764,10.693,1.781,31.799,0.172,-3.41,18.016,1,25.885,10.251,2.525,22.22,8.112,2.739
B Trend-gated shorts,"short only at/below 150d flip avg, else x0.25",0.02,2324,19.286,11.204,1.721,331.512,18.837,11.672,1.592,29.217,0.143,-7.02,14.296,1,21.133,11.204,1.886,17.436,9.413,1.852
B Trend-gated shorts,"short only at/below 150d flip avg, else x0.25",0.05,2324,12.472,16.718,0.746,227.848,12.947,17.655,1.36,27.108,0.098,-12.435,8.716,2,14.337,13.677,1.048,10.606,16.718,0.634
B Trend-gated shorts,"short only at/below 150d flip avg, else x0.5",0.0,2324,24.844,10.478,2.371,412.665,23.448,10.8,1.729,31.799,0.178,-1.96,18.302,1,26.877,10.478,2.565,22.809,8.688,2.625
B Trend-gated shorts,"short only at/below 150d flip avg, else x0.5",0.02,2324,19.504,12.378,1.576,335.605,19.07,12.94,1.542,29.217,0.144,-5.74,13.722,1,21.56,12.378,1.742,17.449,10.444,1.671
B Trend-gated shorts,"short only at/below 150d flip avg, else x0.5",0.05,2324,11.916,18.526,0.643,220.015,12.502,19.83,1.314,27.108,0.095,-11.41,7.37,2,13.996,15.239,0.918,9.841,18.526,0.531
B Trend-gated shorts,"short only at/below 200d flip avg, else x0",0.0,1533,22.583,13.03,1.733,379.37,21.556,13.72,1.816,32.942,0.247,-9.69,19.0,1,25.697,12.353,2.08,19.496,13.03,1.496
B Trend-gated shorts,"short only at/below 200d flip avg, else x0",0.02,1533,18.394,15.942,1.154,318.05,18.072,17.12,1.628,30.724,0.207,-13.25,15.37,2,21.402,13.473,1.589,15.411,15.942,0.967
B Trend-gated shorts,"short only at/below 200d flip avg, else x0",0.05,1533,12.374,20.955,0.59,226.07,12.846,23.14,1.396,28.702,0.147,-18.59,10.06,2,15.23,15.198,1.002,9.542,20.955,0.455
B Trend-gated shorts,"short only at/below 200d flip avg, else x0.25",0.0,2324,23.566,11.238,2.097,393.715,22.372,11.778,1.762,31.799,0.169,-7.032,18.836,1,26.513,11.238,2.359,20.639,11.108,1.858
B Trend-gated shorts,"short only at/below 200d flip avg, else x0.25",0.02,2324,18.808,14.222,1.322,324.485,18.438,15.075,1.575,29.217,0.14,-10.733,14.947,2,21.68,12.689,1.709,15.956,14.222,1.122
B Trend-gated shorts,"short only at/below 200d flip avg, else x0.25",0.05,2324,12.009,21.178,0.567,220.64,12.537,23.4,1.346,27.108,0.095,-16.282,9.472,2,14.772,15.772,0.937,9.267,21.178,0.438
B Trend-gated shorts,"short only at/below 200d flip avg, else x0.5",0.0,2324,24.516,10.682,2.295,408.06,23.187,10.99,1.717,31.799,0.176,-4.375,18.967,1,27.291,10.682,2.555,21.755,9.641,2.256
B Trend-gated shorts,"short only at/below 200d flip avg, else x0.5",0.02,2324,19.184,13.615,1.409,330.92,18.803,14.18,1.532,29.217,0.142,-8.215,14.147,1,21.918,13.1,1.673,16.467,13.615,1.209
B Trend-gated shorts,"short only at/below 200d flip avg, else x0.5",0.05,2324,11.609,21.437,0.542,215.21,12.229,23.66,1.306,27.108,0.093,-13.975,7.045,2,14.278,16.607,0.86,8.959,21.437,0.418
B Trend-gated shorts,"short only at/below 300d flip avg, else x0",0.0,1474,22.926,10.55,2.173,384.01,21.82,10.93,1.868,33.514,0.261,-5.85,18.04,1,26.611,9.844,2.703,19.289,10.55,1.828
B Trend-gated shorts,"short only at/below 300d flip avg, else x0",0.02,1474,18.885,13.406,1.409,325.05,18.47,14.17,1.674,31.072,0.221,-9.45,14.555,2,22.44,10.459,2.146,15.375,13.406,1.147
B Trend-gated shorts,"short only at/below 300d flip avg, else x0",0.05,1474,13.067,18.373,0.711,236.61,13.445,19.95,1.435,29.104,0.161,-14.85,9.875,2,16.436,12.074,1.361,9.742,18.373,0.53
B Trend-gated shorts,"short only at/below 300d flip avg, else x0.25",0.0,2324,23.829,9.844,2.421,397.195,22.569,10.29,1.795,31.799,0.171,-4.152,18.064,1,27.207,9.844,2.764,20.486,9.21,2.224
B Trend-gated shorts,"short only at/below 300d flip avg, else x0.25",0.02,2324,19.181,12.284,1.561,329.735,18.736,12.862,1.604,29.217,0.142,-7.882,13.814,2,22.464,10.459,2.148,15.932,12.284,1.297
B Trend-gated shorts,"short only at/below 300d flip avg, else x0.25",0.05,2324,12.531,19.251,0.651,228.545,12.986,21.008,1.37,27.108,0.098,-13.478,8.032,2,15.676,12.686,1.236,9.42,19.251,0.489
B Trend-gated shorts,"short only at/below 300d flip avg, else x0.5",0.0,2324,24.695,9.844,2.509,410.38,23.318,10.29,1.736,31.799,0.177,-2.455,17.772,1,27.759,9.844,2.82,21.654,8.688,2.492
B Trend-gated shorts,"short only at/below 300d flip avg, else x0.5",0.02,2324,19.436,12.316,1.578,334.42,19.002,12.705,1.549,29.217,0.144,-6.315,13.572,1,22.444,11.173,2.009,16.453,12.316,1.336
B Trend-gated shorts,"short only at/below 300d flip avg, else x0.5",0.05,2324,11.958,20.16,0.593,220.48,12.528,22.065,1.319,27.108,0.095,-12.105,6.935,2,14.879,14.577,1.021,9.062,20.16,0.45
B Trend-gated shorts,30d: hold the long instead of flat,0.0,2324,24.356,11.891,2.048,409.43,23.265,12.4,1.597,45.74,0.176,4.26,18.725,0,24.412,11.891,2.053,24.298,11.614,2.092
B Trend-gated shorts,30d: hold the long instead of flat,0.02,2324,21.98,13.095,1.679,375.35,21.328,13.62,1.521,45.224,0.162,1.46,16.565,0,22.123,13.095,1.689,21.836,12.04,1.814
B Trend-gated shorts,30d: hold the long instead of flat,0.05,2324,18.498,14.9,1.241,324.23,18.423,15.72,1.417,44.535,0.14,-3.04,13.325,2,18.763,14.9,1.259,18.229,12.674,1.438
B Trend-gated shorts,100d: hold the long instead of flat,0.0,2324,22.085,14.531,1.52,377.03,21.423,14.7,1.537,46.429,0.162,-0.36,19.93,1,21.592,14.531,1.486,22.588,10.704,2.11
B Trend-gated shorts,100d: hold the long instead of flat,0.02,2324,20.113,16.387,1.227,348.23,19.787,16.9,1.474,46.213,0.15,-3.12,18.45,2,19.645,16.387,1.199,20.591,10.993,1.873
B Trend-gated shorts,100d: hold the long instead of flat,0.05,2324,17.21,19.506,0.882,305.03,17.332,20.68,1.388,45.654,0.131,-7.26,16.655,2,16.779,19.506,0.86,17.65,13.968,1.264
C Trade only with trend (both sides),50d flip avg,0.0,1153,14.401,10.306,1.397,252.2,14.33,10.82,1.736,32.177,0.219,1.55,10.465,0,14.357,10.306,1.393,14.445,9.812,1.472
C Trade only with trend (both sides),50d flip avg,0.02,1153,11.447,11.374,1.006,206.08,11.71,11.73,1.551,29.662,0.179,-1.25,7.945,4,11.486,11.122,1.033,11.407,11.374,1.003
C Trade only with trend (both sides),50d flip avg,0.05,1153,7.156,18.289,0.391,136.9,7.779,19.29,1.323,27.58,0.119,-5.45,4.165,7,7.312,12.822,0.57,6.997,18.289,0.383
C Trade only with trend (both sides),100d flip avg,0.0,1160,16.295,9.563,1.704,281.64,16.003,9.95,1.824,32.931,0.243,2.65,10.39,0,16.406,9.188,1.786,16.182,9.563,1.692
C Trade only with trend (both sides),100d flip avg,0.02,1160,13.275,11.221,1.183,235.24,13.367,11.79,1.63,30.517,0.203,-0.03,7.57,1,13.433,11.221,1.197,13.114,10.216,1.284
C Trade only with trend (both sides),100d flip avg,0.05,1160,8.889,14.213,0.625,165.64,9.412,15.21,1.392,28.362,0.143,-4.05,3.515,5,9.114,14.213,0.641,8.66,11.186,0.774
C Trade only with trend (both sides),200d flip avg,0.0,1180,14.816,11.879,1.247,259.21,14.729,12.52,1.73,32.797,0.22,-7.22,11.25,2,17.547,11.879,1.477,12.104,10.62,1.14
C Trade only with trend (both sides),200d flip avg,0.02,1180,11.783,13.385,0.88,212.01,12.047,14.27,1.548,30.254,0.18,-9.22,8.87,2,14.427,13.385,1.078,9.157,12.046,0.76
C Trade only with trend (both sides),200d flip avg,0.05,1180,7.38,16.306,0.453,141.21,8.024,17.69,1.323,28.051,0.12,-12.22,5.3,5,9.899,16.306,0.607,4.878,15.786,0.309
D Volatility targeting,"last 10 trades, size 0.5-1.5",0.0,2324,29.014,14.212,2.041,475.983,27.046,14.774,1.69,31.799,0.205,5.777,26.134,0,31.758,14.212,2.235,26.282,11.238,2.339
D Volatility targeting,"last 10 trades, size 0.5-1.5",0.02,2324,21.777,17.677,1.232,374.207,21.263,18.888,1.492,29.217,0.161,0.612,19.097,0,24.988,17.677,1.414,18.597,12.642,1.471
D Volatility targeting,"last 10 trades, size 0.5-1.5",0.05,2324,11.67,26.31,0.444,221.543,12.588,29.344,1.255,27.108,0.095,-7.135,8.327,5,15.474,26.31,0.588,7.93,22.624,0.351
D Volatility targeting,"last 10 trades, size 0.5-2.0",0.0,2324,31.76,15.483,2.051,518.535,29.464,16.059,1.698,31.799,0.223,10.737,28.858,0,34.26,15.483,2.213,29.265,12.042,2.43
D Volatility targeting,"last 10 trades, size 0.5-2.0",0.02,2324,23.66,19.314,1.225,406.662,23.107,20.685,1.496,29.217,0.175,4.971,21.022,0,26.801,19.314,1.388,20.545,14.968,1.373
D Volatility targeting,"last 10 trades, size 0.5-2.0",0.05,2324,12.427,28.361,0.438,238.851,13.572,31.718,1.254,27.108,0.103,-6.184,8.72,6,16.376,28.361,0.577,8.548,23.3,0.367
D Volatility targeting,"last 20 trades, size 0.5-1.5",0.0,2324,29.006,16.38,1.771,477.108,27.11,17.305,1.678,31.799,0.205,5.259,24.022,0,28.243,16.38,1.724,29.786,10.67,2.792
D Volatility targeting,"last 20 trades, size 0.5-1.5",0.02,2324,21.673,20.632,1.05,373.938,21.248,22.171,1.483,29.217,0.161,-0.088,17.616,1,21.566,20.632,1.045,21.781,12.218,1.783
D Volatility targeting,"last 20 trades, size 0.5-1.5",0.05,2324,11.441,29.949,0.382,219.183,12.454,34.505,1.247,27.108,0.094,-8.109,6.529,3,12.192,29.949,0.407,10.683,21.7,0.492
D Volatility targeting,"last 20 trades, size 0.5-2.0",0.0,2324,31.692,16.379,1.935,517.533,29.407,17.134,1.696,31.799,0.223,7.624,26.964,0,30.502,16.379,1.862,32.913,11.93,2.759
D Volatility targeting,"last 20 trades, size 0.5-2.0",0.02,2324,23.625,21.982,1.075,406.073,23.074,23.678,1.495,29.217,0.175,1.75,18.825,0,23.294,21.982,1.06,23.963,14.747,1.625
D Volatility targeting,"last 20 trades, size 0.5-2.0",0.05,2324,12.435,32.065,0.388,238.884,13.574,37.266,1.254,27.108,0.103,-7.062,8.472,3,13.215,32.065,0.412,11.648,24.226,0.481
D Volatility targeting,"last 50 trades, size 0.5-1.5",0.0,2324,29.777,14.885,2.0,489.523,27.816,15.613,1.691,31.799,0.211,3.204,21.933,0,29.37,14.885,1.973,30.192,9.831,3.071
D Volatility targeting,"last 50 trades, size 0.5-1.5",0.02,2324,22.403,17.669,1.268,386.397,21.956,18.93,1.496,29.217,0.166,-2.117,15.953,1,22.637,17.669,1.281,22.165,12.54,1.768
D Volatility targeting,"last 50 trades, size 0.5-1.5",0.05,2324,12.115,25.187,0.481,231.708,13.166,27.881,1.26,27.108,0.1,-10.098,6.911,4,13.185,25.187,0.523,11.038,24.353,0.453
D Volatility targeting,"last 50 trades, size 0.5-2.0",0.0,2324,31.761,15.509,2.048,518.796,29.479,16.268,1.711,31.799,0.223,6.269,23.756,0,30.488,15.509,1.966,33.067,11.027,2.999
D Volatility targeting,"last 50 trades, size 0.5-2.0",0.02,2324,23.94,18.343,1.305,410.902,23.348,19.671,1.511,29.217,0.177,0.619,16.592,0,23.469,18.343,1.279,24.422,13.447,1.816
D Volatility targeting,"last 50 trades, size 0.5-2.0",0.05,2324,13.065,26.795,0.488,249.062,14.152,29.895,1.271,27.108,0.107,-7.855,7.139,4,13.636,26.795,0.509,12.487,22.965,0.544
D Volatility targeting,"last 100 trades, size 0.5-1.5",0.0,2324,28.853,13.021,2.216,476.068,27.051,13.61,1.663,31.799,0.205,1.706,21.937,0,29.767,13.021,2.286,27.93,11.003,2.538
D Volatility targeting,"last 100 trades, size 0.5-1.5",0.02,2324,21.545,15.415,1.398,373.14,21.202,16.395,1.473,29.217,0.161,-3.934,15.601,1,23.097,15.415,1.498,19.986,14.206,1.407
D Volatility targeting,"last 100 trades, size 0.5-1.5",0.05,2324,11.346,26.162,0.434,218.749,12.43,28.866,1.243,27.108,0.094,-12.393,5.531,5,13.725,23.663,0.58,8.978,26.162,0.343
D Volatility targeting,"last 100 trades, size 0.5-2.0",0.0,2324,29.631,13.021,2.276,487.945,27.726,13.61,1.67,31.799,0.21,2.974,23.078,0,30.211,13.021,2.32,29.043,12.017,2.417
D Volatility targeting,"last 100 trades, size 0.5-2.0",0.02,2324,22.143,15.415,1.436,383.056,21.766,16.395,1.478,29.217,0.165,-3.028,16.066,1,23.434,15.415,1.52,20.844,14.654,1.422
D Volatility targeting,"last 100 trades, size 0.5-2.0",0.05,2324,11.708,26.291,0.445,225.721,12.826,28.686,1.247,27.108,0.097,-12.031,5.652,5,13.919,23.663,0.588,9.504,26.291,0.361
E Chop filter: efficiency ratio,ER3 < IS 10th pct -> flat,0.0,2088,23.388,11.116,2.104,392.74,22.316,11.71,1.65,31.13,0.188,2.93,17.12,0,22.525,11.116,2.026,24.272,8.828,2.75
E Chop filter: efficiency ratio,ER3 < IS 10th pct -> flat,0.02,2088,17.677,12.907,1.37,309.22,17.57,13.55,1.466,28.592,0.148,-0.87,12.7,1,16.974,12.907,1.315,18.397,11.152,1.65
E Chop filter: efficiency ratio,ER3 < IS 10th pct -> flat,0.05,2088,9.599,19.819,0.484,183.94,10.452,21.46,1.244,26.724,0.088,-7.66,5.79,5,9.111,19.819,0.46,10.097,19.632,0.514
E Chop filter: efficiency ratio,ER3 < IS 20th pct -> flat,0.0,1869,22.409,10.553,2.123,377.01,21.422,10.89,1.7,31.407,0.202,3.78,14.425,0,20.923,10.553,1.983,23.938,7.938,3.016
E Chop filter: efficiency ratio,ER3 < IS 20th pct -> flat,0.02,1869,17.325,13.109,1.322,302.25,17.174,13.47,1.512,29.053,0.162,0.38,9.925,0,16.039,13.109,1.224,18.649,9.656,1.931
E Chop filter: efficiency ratio,ER3 < IS 20th pct -> flat,0.05,1869,10.09,19.444,0.519,190.11,10.802,21.03,1.283,27.127,0.102,-4.72,3.465,5,9.076,19.444,0.467,11.131,17.451,0.638
E Chop filter: efficiency ratio,ER3 < IS 30th pct -> flat,0.0,1609,16.091,16.726,0.962,280.03,15.912,18.09,1.587,30.329,0.174,-8.09,14.425,2,12.437,16.726,0.744,19.928,9.029,2.207
E Chop filter: efficiency ratio,ER3 < IS 30th pct -> flat,0.02,1609,11.927,19.588,0.609,215.67,12.255,21.37,1.413,28.03,0.134,-11.53,10.605,2,8.448,19.588,0.431,15.58,9.602,1.623
E Chop filter: efficiency ratio,ER3 < IS 30th pct -> flat,0.05,1609,5.958,30.106,0.198,119.13,6.769,33.98,1.201,26.165,0.074,-16.69,4.905,5,2.727,30.106,0.091,9.348,15.531,0.602
E Chop filter: efficiency ratio,ER5 < IS 10th pct -> flat,0.0,2089,22.371,14.831,1.508,378.05,21.481,15.78,1.624,31.69,0.181,-1.74,15.545,1,21.657,14.831,1.46,23.102,10.915,2.117
E Chop filter: efficiency ratio,ER5 < IS 10th pct -> flat,0.02,2089,16.705,16.923,0.987,294.49,16.733,18.26,1.444,29.057,0.141,-6.38,11.275,2,16.145,16.923,0.954,17.276,11.7,1.477
E Chop filter: efficiency ratio,ER5 < IS 10th pct -> flat,0.05,2089,8.689,25.004,0.348,169.15,9.611,26.95,1.224,26.855,0.081,-13.34,4.32,5,8.338,25.004,0.333,9.047,19.398,0.466
E Chop filter: efficiency ratio,ER5 < IS 20th pct -> flat,0.0,1841,19.499,19.742,0.988,334.2,18.99,21.8,1.621,31.776,0.182,-9.04,13.895,2,18.541,19.742,0.939,20.481,14.424,1.42
E Chop filter: efficiency ratio,ER5 < IS 20th pct -> flat,0.02,1841,14.609,23.081,0.633,260.56,14.805,26.04,1.442,29.386,0.142,-13.76,9.655,2,13.752,23.081,0.596,15.486,18.375,0.843
E Chop filter: efficiency ratio,ER5 < IS 20th pct -> flat,0.05,1841,7.642,27.834,0.275,150.1,8.529,32.4,1.225,27.159,0.082,-20.84,3.295,6,6.926,27.834,0.249,8.376,25.683,0.326
E Chop filter: efficiency ratio,ER5 < IS 30th pct -> flat,0.0,1602,12.676,17.347,0.731,226.75,12.884,18.92,1.471,31.024,0.142,-9.96,10.715,2,10.171,15.519,0.655,15.281,17.347,0.881
E Chop filter: efficiency ratio,ER5 < IS 30th pct -> flat,0.02,1602,8.651,20.563,0.421,162.67,9.243,22.88,1.309,28.527,0.102,-13.2,6.715,5,6.262,18.344,0.341,11.135,20.563,0.542
E Chop filter: efficiency ratio,ER5 < IS 30th pct -> flat,0.05,1602,2.879,30.362,0.095,66.55,3.781,34.88,1.112,26.155,0.042,-18.13,0.715,8,0.655,30.362,0.022,5.191,28.335,0.183
E Chop filter: efficiency ratio,ER10 < IS 10th pct -> flat,0.0,2092,22.978,14.18,1.62,387.24,22.004,14.72,1.636,31.788,0.185,-4.49,17.24,1,23.984,14.18,1.691,21.964,10.481,2.096
E Chop filter: efficiency ratio,ER10 < IS 10th pct -> flat,0.02,2092,17.276,18.763,0.921,303.56,17.249,20.2,1.455,29.254,0.145,-10.17,13.055,1,18.368,18.763,0.979,16.176,13.334,1.213
E Chop filter: efficiency ratio,ER10 < IS 10th pct -> flat,0.05,2092,9.21,25.185,0.366,178.04,10.117,28.42,1.235,27.151,0.085,-18.69,6.005,6,10.412,25.185,0.413,8.001,21.423,0.373
E Chop filter: efficiency ratio,ER10 < IS 20th pct -> flat,0.0,1839,18.258,15.395,1.186,315.67,17.937,16.62,1.581,30.886,0.172,-4.1,10.11,1,19.118,13.444,1.422,17.391,15.395,1.13
E Chop filter: efficiency ratio,ER10 < IS 20th pct -> flat,0.02,1839,13.423,19.914,0.674,242.11,13.757,21.86,1.407,28.657,0.132,-9.1,5.9,3,14.301,14.584,0.981,12.538,19.914,0.63
E Chop filter: efficiency ratio,ER10 < IS 20th pct -> flat,0.05,1839,6.536,27.038,0.242,131.77,7.487,31.16,1.195,26.536,0.072,-16.6,-1.0,10,7.434,22.623,0.329,5.629,27.038,0.208
E Chop filter: efficiency ratio,ER10 < IS 30th pct -> flat,0.0,1611,16.023,15.209,1.054,280.11,15.916,16.17,1.588,30.664,0.174,-2.57,9.31,2,18.174,13.526,1.344,13.875,15.209,0.912
E Chop filter: efficiency ratio,ER10 < IS 30th pct -> flat,0.02,1611,11.857,20.191,0.587,215.67,12.255,22.2,1.413,28.367,0.134,-5.89,5.71,6,13.974,16.953,0.824,9.744,20.191,0.483
E Chop filter: efficiency ratio,ER10 < IS 30th pct -> flat,0.05,1611,5.883,29.29,0.201,119.01,6.762,33.09,1.201,26.257,0.074,-11.21,0.49,9,7.949,23.151,0.343,3.823,29.29,0.131
E Chop filter: efficiency ratio,ER20 < IS 10th pct -> flat,0.0,2056,19.788,12.817,1.544,340.15,19.328,13.41,1.564,31.469,0.165,-1.81,12.685,1,20.342,12.817,1.587,19.227,10.481,1.834
E Chop filter: efficiency ratio,ER20 < IS 10th pct -> flat,0.02,2056,14.326,15.094,0.949,257.91,14.655,16.05,1.391,28.745,0.125,-5.21,7.84,3,14.884,15.094,0.986,13.761,14.0,0.983
E Chop filter: efficiency ratio,ER20 < IS 10th pct -> flat,0.05,2056,6.592,26.234,0.251,134.55,7.645,26.94,1.18,26.508,0.065,-10.31,0.61,9,7.153,21.348,0.335,6.024,26.234,0.23
E Chop filter: efficiency ratio,ER20 < IS 20th pct -> flat,0.0,1807,13.863,15.038,0.922,247.39,14.057,16.06,1.459,30.88,0.137,-8.41,11.225,5,14.096,15.038,0.937,13.627,14.42,0.945
E Chop filter: efficiency ratio,ER20 < IS 20th pct -> flat,0.02,1807,9.286,19.248,0.482,175.11,9.95,21.02,1.297,28.39,0.097,-11.21,7.045,6,9.47,17.28,0.548,9.099,19.248,0.473
E Chop filter: efficiency ratio,ER20 < IS 20th pct -> flat,0.05,1807,2.759,31.959,0.086,66.69,3.789,35.74,1.1,26.121,0.037,-17.37,0.775,9,2.878,28.378,0.101,2.639,31.959,0.083
E Chop filter: efficiency ratio,ER20 < IS 30th pct -> flat,0.0,1613,13.195,16.848,0.783,236.06,13.413,18.13,1.488,30.812,0.146,-10.47,9.505,5,14.258,14.017,1.017,12.124,16.848,0.72
E Chop filter: efficiency ratio,ER20 < IS 30th pct -> flat,0.02,1613,9.124,21.163,0.431,171.54,9.747,23.45,1.325,28.394,0.106,-13.14,5.825,6,10.181,16.562,0.615,8.06,21.163,0.381
E Chop filter: efficiency ratio,ER20 < IS 30th pct -> flat,0.05,1613,3.289,34.293,0.096,74.76,4.248,39.6,1.125,26.038,0.046,-19.26,0.115,9,4.333,23.515,0.184,2.237,34.293,0.065
F Chop filter: signal density,>= 3 signals in 3d -> flat,0.0,1788,19.195,14.978,1.282,329.38,18.716,15.85,1.636,31.152,0.184,-2.34,15.15,2,22.303,14.65,1.522,16.116,14.978,1.076
F Chop filter: signal density,>= 3 signals in 3d -> flat,0.02,1788,14.455,18.156,0.796,257.86,14.652,19.5,1.454,28.356,0.144,-6.54,10.97,3,17.47,17.212,1.015,11.469,18.156,0.632
F Chop filter: signal density,>= 3 signals in 3d -> flat,0.05,1788,7.693,31.343,0.245,150.58,8.556,35.7,1.233,26.342,0.084,-13.14,4.7,6,10.572,20.918,0.505,4.841,31.343,0.154
F Chop filter: signal density,>= 4 signals in 3d -> flat,0.0,2065,21.258,18.02,1.18,362.1,20.575,19.69,1.599,31.38,0.175,-6.58,16.115,2,23.159,18.02,1.285,19.355,13.085,1.479
F Chop filter: signal density,>= 4 signals in 3d -> flat,0.02,2065,15.705,21.131,0.743,279.5,15.882,23.55,1.422,28.765,0.135,-10.14,11.26,3,17.595,21.131,0.833,13.815,17.709,0.78
F Chop filter: signal density,>= 4 signals in 3d -> flat,0.05,2065,7.846,25.608,0.306,155.6,8.841,29.37,1.207,26.78,0.075,-15.48,4.165,3,9.713,25.608,0.379,5.98,25.521,0.234
F Chop filter: signal density,>= 5 signals in 3d -> flat,0.0,2215,23.8,14.344,1.659,400.08,22.733,15.25,1.62,31.874,0.181,-5.57,18.335,1,25.167,14.344,1.754,22.425,12.815,1.75
F Chop filter: signal density,>= 5 signals in 3d -> flat,0.02,2215,17.73,18.813,0.942,311.48,17.699,20.39,1.441,29.255,0.141,-9.49,13.38,3,19.169,17.676,1.084,16.284,18.813,0.866
F Chop filter: signal density,>= 5 signals in 3d -> flat,0.05,2215,9.174,27.048,0.339,178.58,10.147,31.07,1.223,27.178,0.081,-15.37,5.43,4,10.702,22.44,0.477,7.642,27.048,0.283
F Chop filter: signal density,>= 6 signals in 3d -> flat,0.0,2283,24.739,14.384,1.72,413.95,23.521,15.29,1.626,31.713,0.181,1.38,19.345,0,26.204,14.384,1.822,23.267,10.526,2.21
F Chop filter: signal density,>= 6 signals in 3d -> flat,0.02,2283,18.44,17.911,1.03,322.63,18.332,19.49,1.445,29.128,0.141,-2.7,13.865,3,19.973,17.911,1.115,16.902,13.177,1.283
F Chop filter: signal density,>= 6 signals in 3d -> flat,0.05,2283,9.579,23.147,0.414,185.65,10.549,25.79,1.226,27.026,0.081,-10.52,5.555,5,11.194,23.147,0.484,7.961,22.355,0.356
F Chop filter: signal density,>= 8 signals in 3d -> flat,0.0,2321,26.149,12.269,2.131,434.39,24.683,12.78,1.646,31.754,0.187,0.94,19.07,0,28.395,12.269,2.314,23.904,10.481,2.281
F Chop filter: signal density,>= 8 signals in 3d -> flat,0.02,2321,19.676,15.351,1.282,341.55,19.407,16.03,1.464,29.168,0.147,-3.18,13.41,1,21.969,15.351,1.431,17.388,12.738,1.365
F Chop filter: signal density,>= 8 signals in 3d -> flat,0.05,2321,10.579,23.169,0.457,202.29,11.494,25.65,1.242,27.057,0.087,-9.36,4.935,4,12.922,23.169,0.558,8.246,22.056,0.374
F Chop filter: signal density,>= 3 signals in 5d -> flat,0.0,1480,13.586,20.606,0.659,240.24,13.651,22.44,1.548,30.135,0.162,-13.93,9.9,2,14.613,12.835,1.139,12.55,20.606,0.609
F Chop filter: signal density,>= 3 signals in 5d -> flat,0.02,1480,9.833,25.482,0.386,181.04,10.287,28.63,1.377,27.297,0.122,-17.09,6.24,4,10.738,14.907,0.72,8.92,25.482,0.35
F Chop filter: signal density,>= 3 signals in 5d -> flat,0.05,1480,4.432,35.481,0.125,92.24,5.241,42.42,1.169,25.473,0.062,-21.83,0.855,7,5.167,17.931,0.288,3.69,35.481,0.104
F Chop filter: signal density,>= 4 signals in 5d -> flat,0.0,1833,18.405,16.41,1.122,317.11,18.019,17.76,1.593,31.26,0.173,-2.3,13.015,3,19.38,16.41,1.181,17.421,13.465,1.294
F Chop filter: signal density,>= 4 signals in 5d -> flat,0.02,1833,13.579,19.081,0.712,243.79,13.853,21.0,1.416,28.642,0.133,-6.54,8.755,4,14.48,19.081,0.759,12.67,18.5,0.685
F Chop filter: signal density,>= 4 signals in 5d -> flat,0.05,1833,6.704,34.548,0.194,133.81,7.603,40.44,1.201,26.623,0.073,-12.9,2.365,5,7.502,22.936,0.327,5.899,34.548,0.171
F Chop filter: signal density,>= 5 signals in 5d -> flat,0.0,2072,22.127,15.708,1.409,375.08,21.313,16.9,1.62,31.515,0.181,-0.73,14.945,1,23.536,15.708,1.498,20.71,10.292,2.012
F Chop filter: signal density,>= 5 signals in 5d -> flat,0.02,2072,16.517,18.727,0.882,292.2,16.603,20.54,1.441,28.909,0.141,-4.25,10.265,3,17.881,18.727,0.955,15.145,15.135,1.001
F Chop filter: signal density,>= 5 signals in 5d -> flat,0.05,2072,8.577,23.748,0.361,167.88,9.539,26.45,1.223,26.882,0.081,-11.15,3.325,5,9.876,23.748,0.416,7.27,23.19,0.314
F Chop filter: signal density,>= 6 signals in 5d -> flat,0.0,2203,25.003,13.157,1.9,417.28,23.711,13.87,1.657,31.82,0.189,5.27,17.14,0,26.319,13.157,2.0,23.678,9.359,2.53
F Chop filter: signal density,>= 6 signals in 5d -> flat,0.02,2203,18.906,16.568,1.141,329.16,18.703,17.87,1.473,29.187,0.149,1.07,12.24,0,20.244,16.568,1.222,17.561,11.079,1.585
F Chop filter: signal density,>= 6 signals in 5d -> flat,0.05,2203,10.311,22.552,0.457,196.98,11.193,24.86,1.249,27.19,0.089,-7.58,4.89,5,11.672,22.552,0.518,8.944,18.469,0.484
F Chop filter: signal density,>= 8 signals in 5d -> flat,0.0,2307,25.865,12.269,2.108,430.31,24.451,12.78,1.643,31.643,0.187,0.94,18.475,0,27.647,12.269,2.253,24.077,10.481,2.297
F Chop filter: signal density,>= 8 signals in 5d -> flat,0.02,2307,19.444,15.351,1.267,338.03,19.207,16.03,1.461,29.042,0.147,-3.18,13.14,1,21.279,15.351,1.386,17.606,12.738,1.382
F Chop filter: signal density,>= 8 signals in 5d -> flat,0.05,2307,10.418,23.169,0.45,199.61,11.342,25.65,1.24,27.005,0.087,-9.36,5.205,4,12.314,23.169,0.531,8.522,22.056,0.386
F Chop filter: signal density,>= 3 signals in 10d -> flat,0.0,713,7.554,15.664,0.482,137.82,7.831,16.81,1.64,31.136,0.193,-8.62,9.315,5,9.862,11.715,0.842,5.257,15.664,0.336
F Chop filter: signal density,>= 3 signals in 10d -> flat,0.02,713,5.828,19.403,0.3,109.3,6.211,21.16,1.465,28.191,0.153,-10.1,7.67,5,8.044,14.158,0.568,3.621,19.403,0.187
F Chop filter: signal density,>= 3 signals in 10d -> flat,0.05,713,3.289,24.824,0.132,66.52,3.78,28.09,1.25,26.367,0.093,-12.32,5.1,5,5.371,17.697,0.303,1.214,24.824,0.049
F Chop filter: signal density,>= 4 signals in 10d -> flat,0.0,1057,12.725,14.481,0.879,224.69,12.767,15.3,1.722,31.977,0.213,-3.37,8.095,3,14.027,10.029,1.399,11.416,14.481,0.788
F Chop filter: signal density,>= 4 signals in 10d -> flat,0.02,1057,10.053,18.582,0.541,182.41,10.365,19.63,1.536,28.855,0.173,-5.85,5.67,4,11.27,13.041,0.864,8.83,18.582,0.475
F Chop filter: signal density,>= 4 signals in 10d -> flat,0.05,1057,6.162,26.841,0.23,118.99,6.761,30.31,1.308,27.152,0.113,-9.57,2.2,4,7.256,17.373,0.418,5.061,26.841,0.189
F Chop filter: signal density,>= 5 signals in 10d -> flat,0.0,1411,15.121,13.445,1.125,264.91,15.053,14.24,1.635,30.9,0.188,-0.7,10.505,2,14.679,13.445,1.092,15.573,12.045,1.293
F Chop filter: signal density,>= 5 signals in 10d -> flat,0.02,1411,11.493,17.44,0.659,208.47,11.846,18.14,1.457,28.349,0.148,-3.91,7.465,4,11.066,16.478,0.672,11.928,17.44,0.684
F Chop filter: signal density,>= 5 signals in 10d -> flat,0.05,1411,6.261,26.498,0.236,123.81,7.035,29.55,1.239,26.293,0.088,-8.83,2.905,8,5.858,21.798,0.269,6.673,26.498,0.252
F Chop filter: signal density,>= 6 signals in 10d -> flat,0.0,1695,17.793,14.455,1.231,307.93,17.497,15.03,1.621,31.032,0.182,-3.07,13.41,2,18.909,10.886,1.737,16.668,14.455,1.153
F Chop filter: signal density,>= 6 signals in 10d -> flat,0.02,1695,13.347,18.158,0.735,240.13,13.645,19.43,1.442,28.437,0.142,-5.9,9.55,4,14.399,12.33,1.168,12.287,18.158,0.677
F Chop filter: signal density,>= 6 signals in 10d -> flat,0.05,1695,6.988,28.752,0.243,138.43,7.866,31.98,1.224,26.431,0.082,-11.48,3.76,4,7.95,19.465,0.408,6.019,28.752,0.209
F Chop filter: signal density,>= 8 signals in 10d -> flat,0.0,2082,22.202,15.602,1.423,375.77,21.352,16.74,1.622,31.412,0.18,-2.99,15.56,1,23.831,15.602,1.527,20.568,13.208,1.557
F Chop filter: signal density,>= 8 signals in 10d -> flat,0.02,2082,16.562,19.083,0.868,292.49,16.62,20.59,1.442,28.866,0.14,-6.39,10.96,3,18.11,19.083,0.949,15.009,17.857,0.841
F Chop filter: signal density,>= 8 signals in 10d -> flat,0.05,2082,8.582,30.137,0.285,167.57,9.522,33.58,1.223,26.849,0.08,-11.49,4.06,7,10.015,26.163,0.383,7.144,30.137,0.237
G Chop filter: loss streak,after 2+ losses -> flat,0.0,1257,12.436,14.241,0.873,220.74,12.543,15.17,1.594,31.185,0.176,-5.73,7.26,1,11.626,12.218,0.952,13.265,14.241,0.931
G Chop filter: loss streak,after 2+ losses -> flat,0.02,1257,9.273,16.715,0.555,170.46,9.686,18.02,1.419,28.162,0.136,-8.53,4.44,3,8.509,14.099,0.604,10.055,16.715,0.602
G Chop filter: loss streak,after 2+ losses -> flat,0.05,1257,4.693,24.889,0.189,95.04,5.4,26.47,1.206,26.173,0.076,-12.73,0.095,9,3.994,21.034,0.19,5.408,21.296,0.254
G Chop filter: loss streak,after 3+ losses -> flat,0.0,1604,13.968,16.777,0.833,246.89,14.029,18.16,1.522,30.798,0.154,-11.4,11.66,3,15.445,12.253,1.261,12.485,16.777,0.744
G Chop filter: loss streak,after 3+ losses -> flat,0.02,1604,9.892,19.951,0.496,182.73,10.383,21.95,1.353,27.993,0.114,-15.08,8.035,3,11.351,14.475,0.784,8.428,19.951,0.422
G Chop filter: loss streak,after 3+ losses -> flat,0.05,1604,4.048,30.741,0.132,86.49,4.915,34.62,1.147,25.873,0.054,-20.6,2.305,8,5.478,17.706,0.309,2.613,30.741,0.085
G Chop filter: loss streak,after 4+ losses -> flat,0.0,1849,16.154,16.72,0.966,282.65,16.061,18.18,1.518,31.26,0.153,-6.08,14.22,3,17.596,14.657,1.201,14.705,16.72,0.879
G Chop filter: loss streak,after 4+ losses -> flat,0.02,1849,11.379,18.473,0.616,208.69,11.858,20.12,1.349,28.556,0.113,-8.96,10.0,4,12.835,17.318,0.741,9.917,18.473,0.537
G Chop filter: loss streak,after 4+ losses -> flat,0.05,1849,4.579,30.08,0.152,97.75,5.554,32.76,1.144,26.447,0.053,-13.28,3.665,7,6.049,21.156,0.286,3.104,30.08,0.103
G Chop filter: loss streak,after 5+ losses -> flat,0.0,2010,18.227,15.337,1.188,315.55,17.93,16.43,1.531,31.493,0.157,-2.92,14.225,1,17.965,15.337,1.171,18.495,12.94,1.429
G Chop filter: loss streak,after 5+ losses -> flat,0.02,2010,12.954,18.369,0.705,235.15,13.362,20.07,1.362,28.856,0.117,-6.16,9.565,3,12.812,18.369,0.697,13.098,14.43,0.908
G Chop filter: loss streak,after 5+ losses -> flat,0.05,2010,5.478,22.947,0.239,114.55,6.509,25.53,1.155,26.667,0.057,-11.6,2.8,7,5.498,22.718,0.242,5.457,22.947,0.238
H Equity-curve filter,equity < MA10 -> x0.5,0.0,2324,18.383,9.695,1.896,314.315,17.86,10.035,1.593,31.799,0.135,-2.275,13.688,1,19.175,9.695,1.978,17.584,8.425,2.087
H Equity-curve filter,equity < MA10 -> x0.5,0.02,2324,13.651,12.023,1.135,242.435,13.776,12.485,1.418,29.217,0.104,-5.275,9.782,2,14.473,11.841,1.222,12.82,12.023,1.066
H Equity-curve filter,equity < MA10 -> x0.5,0.05,2324,6.901,22.415,0.308,134.615,7.649,24.0,1.205,27.108,0.058,-9.775,3.797,6,7.762,18.464,0.42,6.032,22.415,0.269
H Equity-curve filter,equity < MA20 -> x0.5,0.0,2324,19.64,11.466,1.713,334.26,18.993,12.03,1.59,31.799,0.144,-3.995,13.642,1,21.653,11.466,1.888,17.627,10.065,1.751
H Equity-curve filter,equity < MA20 -> x0.5,0.02,2324,14.53,14.934,0.973,257.36,14.624,15.83,1.415,29.217,0.111,-7.055,9.532,2,16.492,13.224,1.247,12.57,14.934,0.842
H Equity-curve filter,equity < MA20 -> x0.5,0.05,2324,7.269,22.05,0.33,142.01,8.069,24.535,1.202,27.108,0.061,-11.645,3.367,7,9.153,19.052,0.48,5.386,22.05,0.244
H Equity-curve filter,equity < MA50 -> x0.5,0.0,2324,22.294,10.477,2.128,376.71,21.405,10.865,1.611,31.799,0.162,-4.215,15.472,1,24.513,10.477,2.34,20.077,10.03,2.002
H Equity-curve filter,equity < MA50 -> x0.5,0.02,2324,16.676,15.139,1.102,293.85,16.697,16.05,1.436,29.217,0.126,-7.215,10.747,1,18.872,13.692,1.378,14.485,15.139,0.957
H Equity-curve filter,equity < MA50 -> x0.5,0.05,2324,8.727,22.699,0.384,169.56,9.635,25.355,1.222,27.108,0.073,-11.715,3.84,5,10.882,20.396,0.534,6.578,22.699,0.29
H Equity-curve filter,equity < MA100 -> x0.5,0.0,2324,24.914,10.481,2.377,415.935,23.634,10.95,1.637,31.799,0.179,-3.96,18.255,1,27.117,10.121,2.679,22.714,10.481,2.167
H Equity-curve filter,equity < MA100 -> x0.5,0.02,2324,18.743,14.749,1.271,326.635,18.56,15.53,1.457,29.217,0.141,-7.24,13.035,1,21.015,14.749,1.425,16.475,13.981,1.178
H Equity-curve filter,equity < MA100 -> x0.5,0.05,2324,10.048,22.402,0.449,192.685,10.949,24.87,1.237,27.108,0.083,-12.16,4.935,5,12.403,22.053,0.562,7.704,22.402,0.344
I Time filter,skip 09:15 entries (gap),0.0,2249,25.605,10.716,2.389,426.19,24.217,11.2,1.653,31.614,0.19,2.27,18.29,0,26.947,10.543,2.556,24.254,10.716,2.263
I Time filter,skip 09:15 entries (gap),0.02,2249,19.354,13.046,1.484,336.23,19.105,13.53,1.47,29.08,0.15,-1.73,12.81,2,20.794,13.046,1.594,17.908,12.129,1.476
I Time filter,skip 09:15 entries (gap),0.05,2249,10.553,21.786,0.484,201.29,11.438,23.81,1.248,27.034,0.09,-9.33,4.94,4,12.114,21.786,0.556,8.988,19.042,0.472
I Time filter,skip 09:16-09:44 entries,0.0,2278,26.346,11.183,2.356,436.99,24.831,11.74,1.665,31.694,0.192,0.1,19.065,0,29.239,9.995,2.925,23.47,11.183,2.099
I Time filter,skip 09:16-09:44 entries,0.02,2278,19.98,13.378,1.493,345.87,19.653,13.64,1.48,29.28,0.152,-3.94,13.54,1,22.864,11.974,1.91,17.116,13.378,1.279
I Time filter,skip 09:16-09:44 entries,0.05,2278,11.023,22.488,0.49,209.19,11.887,24.74,1.256,27.129,0.092,-10.0,5.08,4,13.883,19.707,0.704,8.189,22.488,0.364
I Time filter,skip entries after 15:00,0.0,2133,24.132,12.004,2.01,404.06,22.959,12.57,1.671,31.739,0.189,2.13,17.865,0,25.578,12.004,2.131,22.679,9.307,2.437
I Time filter,skip entries after 15:00,0.02,2133,18.266,14.164,1.29,318.74,18.111,15.05,1.482,29.067,0.149,-1.87,12.625,1,19.814,14.164,1.399,16.713,12.481,1.339
I Time filter,skip entries after 15:00,0.05,2133,9.979,21.308,0.468,190.76,10.839,23.24,1.253,26.91,0.089,-7.87,5.765,5,11.656,17.835,0.654,8.299,21.308,0.389
I Time filter,skip Tuesday entries,0.0,1850,25.539,12.784,1.998,423.16,24.045,13.27,1.798,32.811,0.229,3.23,18.375,0,26.019,12.784,2.035,25.054,7.503,3.339
I Time filter,skip Tuesday entries,0.02,1850,20.379,16.276,1.252,349.16,19.84,17.35,1.601,30.378,0.189,-0.36,14.395,2,20.969,16.276,1.288,19.783,9.519,2.078
I Time filter,skip Tuesday entries,0.05,1850,13.031,21.91,0.595,238.16,13.533,24.18,1.361,28.108,0.129,-6.78,8.425,3,13.767,21.91,0.628,12.287,16.287,0.754
