window,fall,flagged_days,episodes,stocks,spells_hit_pct,pct_holding_days,per_year,avg_fall_pct,avg_weight_pct,avg_nav_hit_pct,worst_nav_hit_pct,fwd5d_pct,fwd20d_pct,rebound20d_pct,sold_within_5d_pct,sold_within_20d_pct,spell_ret_after_fall_pct,all_stocks_pct,held_vs_universe_x
1d,>=5%,894,821,254,58.80281690140845,1.7716301375292298,41.06124195536081,-7.063844864474057,5.092502803563268,-0.3603143785112221,-1.5882546890273914,2.4447379007369414,5.857690843946399,61.14494518879415,15.590742996345918,35.20097442143727,33.5797150866932,2.144907593109916,0.8259703789665508
1d,>=7%,297,279,143,30.809859154929576,0.5885616899845428,13.953820347802274,-9.53657784871076,5.137637890886834,-0.49037229016135486,-1.5882546890273914,4.338000364218888,7.670162221778473,68.45878136200717,20.07168458781362,36.200716845878134,34.68987825651848,0.7681660274006497,0.7661907308972528
1d,>=8%,181,166,107,20.422535211267604,0.3586857437279537,8.302273038477338,-10.98031397727235,5.113728480186038,-0.5630473952784751,-1.5882546890273914,5.445144278670509,7.957185741467304,66.26506024096386,26.506024096385545,43.97590361445783,34.681945879761045,0.4924751228689745,0.7283327158504692
1d,>=10%,67,62,55,9.683098591549296,0.13277317585509887,3.100848966178283,-14.437658431291664,5.207378957407913,-0.7500074208394536,-1.5882546890273914,8.06882438545319,9.558129184710674,69.35483870967742,32.25806451612903,50.0,35.50443950978849,0.21288248306432772,0.6236923486794269
1d,>=12%,41,39,38,6.690140845070423,0.08124925686655304,1.9505340271121459,-16.57072367831624,5.15854674872417,-0.8550056453230651,-1.5882546890273914,10.084160319517082,9.5597345412902,71.7948717948718,33.33333333333333,53.84615384615385,29.137958191212444,0.11671898322682071,0.6961100467150306
3d,>=5%,3901,1915,320,87.14788732394366,7.730569537473743,95.77622210050664,-8.022943703756848,5.092596431365258,-0.40920488234426144,-2.4342461622201585,2.9996831169294493,5.333099043537984,64.80417754569191,12.793733681462141,30.966057441253263,30.26493870118981,8.74353340757079,0.8841470807191119
3d,>=7%,1775,981,271,67.25352112676056,3.517498315564187,49.0634328358209,-10.080623675128516,5.099318035943984,-0.5146493761900581,-2.4342461622201585,3.5686609999598375,6.22283644483058,65.13761467889908,16.615698267074414,34.25076452599388,28.93046043689975,4.234584649046944,0.8306595822463608
3d,>=8%,1211,692,236,55.809859154929576,2.399825611351116,34.60947555798987,-11.164607382185473,5.106997145280683,-0.5707389223392317,-2.4342461622201585,3.949470848143805,6.939146718453111,66.1849710982659,17.052023121387283,34.971098265895954,29.910474320205893,3.0005179468339724,0.7998037851709291
3d,>=10%,601,366,180,36.79577464788732,1.1909952043121557,18.305011639052445,-13.166850400192981,5.137718118070357,-0.6760288359171551,-2.4342461622201585,4.168591762742998,6.561736165167526,63.661202185792355,19.672131147540984,37.704918032786885,30.607859970801922,1.5777604017018392,0.7548644287355024
3d,>=12%,308,184,113,21.654929577464788,0.6103602710950814,9.202519512529099,-15.443794096967892,5.129879085327051,-0.7914747437160298,-2.4342461622201585,5.141656196492664,5.910853216416139,61.41304347826087,26.08695652173913,44.02173913043478,31.876024223903116,0.8883717362082957,0.6870550313770573
5d,>=5%,5690,1816,323,90.49295774647888,11.27581150172407,90.82486649322198,-8.847519073503156,5.12033508036742,-0.4540032438955484,-3.124956894560658,4.042017478140416,6.481049672813182,68.55726872246696,13.43612334801762,31.773127753303964,29.581347271272385,13.441821789320068,0.8388603627138578
5d,>=7%,3006,1152,298,75.70422535211267,5.956957710752645,57.615774339312615,-10.587186295644496,5.125065352332015,-0.5437417258564404,-3.124956894560658,4.274758784947822,6.505226422385807,67.53472222222221,16.40625,35.06944444444444,30.179809413841063,7.518497121132826,0.7923069750215053
5d,>=8%,2140,861,267,64.2605633802817,4.240814870595695,43.061789675475836,-11.661239880293701,5.132863156428982,-0.5997123475129532,-3.124956894560658,4.3788762630085625,6.58920235778785,67.24738675958189,18.00232288037166,36.120789779326365,29.486086544915274,5.650060086721432,0.7505787204922486
5d,>=10%,1115,488,219,47.88732394366197,2.2095834489318693,24.406682185403263,-13.763804175364799,5.1519700186809425,-0.7102579638637375,-3.124956894560658,4.818844944234422,7.25085935967682,67.21311475409836,18.852459016393443,39.13934426229508,29.65944897223019,3.261189511945069,0.6775391129030122
5d,>=12%,599,279,163,32.21830985915493,1.1870318259284214,13.953820347802274,-16.00311145425623,5.148232928341385,-0.8251664106581843,-3.124956894560658,5.540960897440316,7.113553871329296,68.45878136200717,23.297491039426525,42.29390681003584,29.77132683902447,1.9531643208435325,0.6077480595261776
